spectrum,continuum_subtracted_spectrum,error
-6.39056,-6.73155,0.0
-6.38976,-6.82807,0.0
-6.38895,-7.02017,0.0
-6.38815,-6.95419,0.0
-6.38735,-7.01857,0.0
-6.38655,-7.09529,0.0
-6.38576,-7.01698,2.87894
5.17171,4.64279,3.06085
2.72092,2.0744,3.1002
2.49277,1.96385,3.01651
-0.294339,-0.759354,2.90367
-2.88409,-3.44402,2.68044
1.02227,0.557255,2.90083
4.26397,3.70404,2.98533
0.973977,0.52767,2.96181
0.847282,0.318681,3.0721
3.52831,2.92743,3.22868
1.71694,1.0409,3.21305
-4.77657,-5.36629,2.99817
-3.39814,-3.90749,3.08366
1.28158,0.71166,3.24734
-0.341427,-0.832778,3.23397
0.284742,-0.285178,3.15828
-1.64601,-2.13736,2.9101
-5.74597,-6.29135,2.87891
6.50354,5.95816,3.13893
0.57568,-0.046042,3.01107
-2.04711,-2.59249,2.8596
-1.17769,-1.77738,2.86294
-2.17707,-2.72245,2.74554
-1.89435,-2.37152,2.83685
6.27738,5.732,2.95478
2.72212,2.14983,2.87448
3.0128,2.392,2.81738
1.00891,0.436624,2.81302
-1.09111,-1.59813,2.86512
1.80609,1.2338,2.96609
1.25143,0.694782,2.93525
-1.99529,-2.61609,2.78791
-0.187189,-0.85099,2.77741
1.87919,1.25839,2.86135
-0.444365,-1.00101,2.57792
-0.0462002,-0.710001,2.73072
11.849,11.1852,2.81595
-2.84529,-3.50909,2.764
2.96105,2.4044,2.81443
0.277941,-0.268705,3.72438
-2.248,-2.79465,3.50505
11.6001,11.0731,3.40808
5.34683,4.70584,2.85363
1.13974,0.49875,2.60589
-7.05474,-7.71624,2.86199
-3.95785,-4.62476,2.88587
0.941789,0.274882,2.62951
-1.60075,-2.26766,2.72711
6.51083,5.7335,2.87839
-6.33472,-7.23102,2.55607
3.74816,2.88116,2.75117
3.10891,2.12761,2.69432
-4.37296,-5.45568,2.40918
1.81605,0.630788,2.51128
-0.547878,-1.6306,2.45959
1.31485,0.232129,2.4235
-3.6447,-4.71421,2.46199
-1.54774,-2.69928,2.36803
3.14764,1.89356,2.65546
0.895112,-0.375539,2.4852
2.20556,0.865773,2.49488
-1.27084,-2.67045,2.3923
-0.626927,-2.02654,2.44916
2.27907,0.879462,2.48233
1.26587,-0.0681324,2.42578
-2.43188,-3.8239,2.34144
1.5974,0.202731,2.49173
4.79745,3.40278,2.62891
-2.88618,-4.27428,2.42771
-1.09712,-2.52677,2.4779
4.60221,3.17256,2.43434
2.10886,0.67921,2.46267
5.19235,3.8237,2.44977
-0.717433,-2.14937,2.39087
-1.42728,-2.91527,2.34296
-1.54498,-2.97047,2.43285
0.727193,-0.740989,2.38278
5.96193,4.55393,2.44249
2.39187,0.983867,2.36908
4.88991,3.48191,2.49194
3.79147,2.32329,2.43678
0.928441,-0.539741,2.42631
1.89131,0.483307,2.39981
5.26297,3.87247,2.49761
2.42479,0.970998,2.48262
1.66822,0.15192,2.50905
0.84215,-0.742802,2.66033
2.48586,0.873427,2.6728
4.46904,2.91336,2.81823
2.25141,0.756279,2.74397
-2.52615,-4.08183,2.57415
-1.76958,-3.32526,2.45375
-0.124376,-1.68005,2.32386
1.60794,-0.0166276,2.27873
4.27323,2.70033,2.32972
5.30282,3.72901,2.33577
0.975777,-0.650423,2.25166
4.44212,2.81592,2.34222
1.79242,0.16622,2.33108
4.47756,2.92593,2.40689
5.64293,4.02485,2.42392
-1.89433,-3.53968,2.27656
1.95775,0.312405,2.38898
5.01156,3.32298,2.5169
0.937748,-0.807586,2.47284
-1.33012,-3.0187,2.47783
1.69445,-0.0322418,2.51769
4.13138,2.34793,2.4682
0.220067,-1.53671,2.32411
0.460538,-1.22959,2.23832
0.3475,-1.34263,2.20374
1.91815,0.228024,2.21985
1.84798,0.157854,2.25514
-1.04591,-2.80269,2.20259
1.62096,-0.0691658,2.26508
-0.0147065,-1.68672,2.22791
2.7436,1.00737,2.30968
-1.05621,-2.79244,2.20269
-2.64013,-4.37636,2.23438
5.67704,3.87894,2.39575
2.67694,0.940709,2.35315
0.312413,-1.42382,2.25114
0.684158,-1.05207,2.22683
2.47895,0.780302,2.22899
3.29393,1.54096,2.265
2.20543,0.405343,2.20756
1.39562,-0.365137,2.20291
1.14404,-0.551999,2.17126
-1.37651,-3.07255,2.1827
0.139002,-1.58531,2.23195
2.93165,1.20734,2.3475
2.28494,0.560627,2.33786
3.85908,2.15068,2.36018
4.7859,3.1429,2.31356
0.914917,-0.728084,2.13974
0.953218,-0.755183,1.99334
3.01346,1.27491,1.9342
0.638269,-1.15614,1.93126
-1.48384,-3.29066,1.95017
0.403493,-1.34746,1.9307
2.06743,0.316475,1.98092
1.79166,0.0407051,1.92408
1.73389,0.0483353,1.98234
2.77442,1.06763,1.95815
1.71077,0.0701981,1.90981
2.47288,0.892724,1.84769
0.428063,-1.2088,1.74896
1.91377,0.305316,1.82
2.94029,1.27238,1.80846
-0.767452,-2.43536,1.73684
0.424157,-1.24375,1.69604
-0.940679,-2.60859,1.69356
0.91952,-0.774778,1.81886
2.69474,1.03902,1.86993
3.29743,1.64171,1.91285
3.06948,1.41376,1.90311
0.0711971,-1.63304,1.84613
1.75957,0.0456183,1.82305
2.19582,0.463561,1.80854
-1.19369,-2.92595,1.71083
-1.52474,-3.31286,1.74036
2.80309,0.980022,1.90178
0.186866,-1.68311,1.96978
5.43617,3.58608,2.09403
2.31543,0.465339,2.06137
1.42852,-0.467296,2.10139
3.60682,1.75673,2.11706
2.92863,1.12535,2.10311
4.15827,2.35499,2.05945
0.0615677,-1.74743,1.96048
-0.282843,-2.09184,1.84731
4.86942,3.10305,1.96791
4.92005,3.19887,1.88758
-1.45854,-3.16128,1.8265
4.27959,2.53964,2.02409
1.9031,0.150257,2.06234
-1.3477,-3.14148,2.00768
-0.263661,-2.10251,1.99538
2.88061,1.06069,2.11417
3.34612,1.56659,2.12717
1.5486,-0.230932,2.05291
4.72485,2.94532,2.17713
1.84364,0.0614983,2.11989
0.748255,-1.03389,2.21806
2.28683,0.464976,2.6546
0.830593,-0.951549,2.72276
-1.03802,-2.85987,2.68652
3.31732,1.49547,2.5719
-0.176577,-1.99843,2.10644
-0.474677,-2.30698,1.99072
1.99687,0.145521,2.01225
1.41806,-0.425202,1.95452
5.30814,3.50625,2.00921
4.16704,2.38293,2.02777
4.83105,3.00534,2.02241
0.0803897,-1.70176,1.84399
-2.00959,-3.79174,1.84407
4.70043,2.90217,1.9231
1.46282,-0.33544,1.83181
-1.51595,-3.31421,1.67883
0.750582,-1.04768,1.71415
1.875,0.07674,1.69791
2.10278,0.30452,1.73061
3.46214,1.66388,1.79631
1.10806,-0.6902,1.76985
3.08198,1.28372,1.82018
2.65595,0.901625,1.82947
2.29364,0.538042,1.75816
2.64671,0.874923,1.74229
1.90906,0.134597,1.70594
1.33725,-0.482431,1.69529
2.38716,0.522835,1.74789
0.99489,-0.869435,1.67355
0.0466391,-1.8524,1.68361
0.558681,-1.29867,1.69208
1.50409,-0.333938,1.6881
2.67881,0.79991,1.63815
-0.238351,-2.11725,1.54365
0.0856331,-1.75656,1.54043
0.799115,-1.04308,1.48878
1.75226,-0.0472698,1.5736
3.45205,1.65252,1.63359
1.58214,-0.260052,1.59663
2.95372,1.11153,1.62018
3.31487,1.51534,1.65225
1.92513,0.0829382,1.65278
1.32938,-0.47015,1.6625
2.25202,0.479435,1.64368
2.47704,0.704455,1.99727
8.78075,6.96461,2.08205
0.857987,-0.958158,1.55679
-0.309603,-2.09513,1.52825
3.80644,2.02332,1.70312
0.577722,-1.23694,1.65099
2.50859,0.693924,1.75963
0.621797,-1.21232,1.85015
1.21688,-0.617233,1.87594
2.34811,0.534448,1.79479
2.19164,0.335316,1.72451
1.56408,-0.247928,1.65205
1.14553,-0.70806,1.6352
0.749756,-1.10383,1.5923
2.21101,0.35742,1.64537
3.06495,1.16931,1.62624
0.94441,-0.926188,1.56059
-1.29931,-3.16721,1.5111
2.66835,0.800445,1.61442
2.86249,1.02232,1.66645
0.642504,-1.18686,1.67626
0.377952,-1.45141,1.78608
0.0442954,-1.79222,1.84592
-1.41132,-3.26699,1.92258
2.56289,0.707224,2.02151
3.47878,1.60957,2.06004
3.22703,1.32349,1.89583
1.06012,-0.878525,1.77796
-0.328083,-2.25112,1.65296
1.35612,-0.540885,1.57026
2.09953,0.202525,1.63728
3.43379,1.53678,1.71185
3.28001,1.383,1.78788
2.89751,1.00935,1.70968
3.08156,1.22789,1.6881
2.14712,0.300478,1.67244
-1.15189,-2.96418,1.63919
1.88111,0.0680254,1.76496
5.38766,3.5698,1.93505
3.02595,1.2416,1.89556
-0.522173,-2.34004,1.746
1.51597,-0.301894,1.69107
3.80718,1.98845,1.69621
-0.942963,-2.79243,1.53416
0.96129,-0.888175,1.57408
5.21237,3.35756,1.72541
3.035,1.18019,1.76073
-2.53838,-4.42323,1.72168
2.70913,0.79248,1.94772
0.865435,-1.07605,2.22308
0.308531,-1.63295,2.24974
0.425451,-1.51336,2.12036
2.58079,0.641983,1.92676
4.91176,2.97995,1.86459
-1.86105,-3.77525,1.68035
1.60901,-0.305724,1.71406
2.16055,0.242714,1.71008
2.43499,0.481992,1.71578
4.2051,2.2521,1.77898
3.87978,1.92678,1.79858
0.657835,-1.3307,1.73761
1.82256,-0.201676,1.72092
2.93862,0.914384,1.76528
0.471265,-1.58995,1.69549
-0.361107,-2.42232,1.73963
3.74395,1.64682,1.73357
3.38401,1.25975,1.68962
0.393322,-1.73143,1.65447
2.32338,0.167879,1.63503
1.4208,-0.714454,1.63297
0.030721,-2.11434,1.5791
3.04042,0.8649,1.62057
1.68546,-0.519674,1.63063
2.0451,-0.144496,1.65199
0.439253,-1.75034,1.59914
1.52062,-0.699305,1.57847
3.17818,0.958255,1.57698
1.86127,-0.358655,1.51491
3.05476,0.834835,1.55208
1.77437,-0.445555,1.57036
2.35358,0.103344,1.52397
2.32934,0.0791042,1.58165
1.3063,-0.943936,1.58012
1.50028,-0.760237,1.6455
2.41466,0.148294,1.71961
1.02503,-1.20812,1.6891
3.72025,1.51741,1.7543
2.11996,-0.109093,1.64918
-1.56885,-3.82751,1.56231
0.16342,-2.11159,1.60357
2.09046,-0.173459,1.66188
0.965333,-1.31937,1.69413
1.92744,-0.357259,1.69545
1.53073,-0.753969,1.61383
1.10318,-1.152,1.49332
2.61905,0.363868,1.56551
0.566392,-1.68974,1.50706
1.52018,-0.765474,1.51014
3.81456,1.52891,1.58956
3.3689,1.08528,1.55535
1.87876,-0.404863,1.50382
1.97124,-0.284302,1.49359
1.39226,-0.863282,1.45542
6.17279,3.89877,1.55234
4.22665,1.95774,1.50809
2.52762,0.23753,1.46689
2.53579,0.220195,1.47091
1.45626,-0.833881,1.44747
3.78952,1.49938,1.51364
2.16235,-0.153245,1.51018
0.924907,-1.36523,1.47498
1.53248,-0.757661,1.50911
2.77676,0.472159,1.56367
3.47614,1.14766,1.59183
3.93052,1.60204,1.56739
3.40897,1.10437,1.60672
2.49052,0.185919,1.54131
3.06796,0.739477,1.56152
3.79888,1.44744,1.51513
3.45161,1.10479,1.48159
4.60353,2.24819,1.50219
3.12252,0.767176,1.52169
2.7301,0.389606,1.54024
2.30941,-0.0287976,1.54952
2.35957,0.0213623,1.58046
3.81669,1.45276,1.61881
3.46847,1.10454,1.57783
0.583669,-1.78026,1.48316
1.93069,-0.456547,1.45327
4.45943,2.07219,1.48554
3.22503,0.837793,1.43338
0.645816,-1.74142,1.39449
5.27075,2.89382,1.53982
3.04119,0.657346,1.63511
1.31993,-1.08569,1.62014
4.14846,1.74284,1.73658
3.51358,1.12974,1.62175
-2.44605,-4.82989,1.44151
3.06688,0.683037,1.44069
2.87289,0.478864,1.42166
0.613594,-1.80112,1.34599
-0.15204,-2.54607,1.32032
2.13578,-0.258245,1.36904
3.29998,0.927585,1.37363
-3.71219,-6.10622,1.26791
0.915884,-1.47542,1.38498
2.51658,0.135017,1.48398
2.78014,0.385794,1.49353
2.28966,-0.126467,1.44903
0.206349,-2.23238,1.4381
2.34186,-0.110276,1.43313
2.64802,0.195884,1.37327
4.47996,2.02782,1.38753
3.51533,1.06319,1.36027
1.62237,-0.850788,1.30157
2.67856,0.182521,1.34387
2.17097,-0.302188,1.31276
2.66564,0.192482,1.30664
1.79887,-0.674288,1.32016
2.5683,0.0951421,1.40511
3.52829,1.04013,1.42036
1.0901,-1.42063,1.38325
-1.8602,-4.37976,1.31362
-0.176568,-2.71988,1.29509
2.34076,-0.226245,1.35226
2.44046,-0.10358,1.38466
2.45698,-0.0649815,1.42366
3.88793,1.36597,1.3951
1.93196,-0.598073,1.3093
3.31739,0.772443,1.31393
3.82451,1.2581,1.32988
0.945171,-1.62,1.27027
-0.0593343,-2.60361,1.29213
3.42406,0.888597,1.38185
2.29345,-0.237217,1.4235
2.67449,0.132349,1.43655
-0.441392,-2.96481,1.36882
0.722645,-1.80077,1.32495
3.5778,1.05154,1.37146
2.85762,0.311778,1.37537
6.23567,3.66985,1.42348
1.71833,-0.830827,1.31756
3.10932,0.580275,1.32822
5.06033,2.55131,1.34151
2.27676,-0.211298,1.30285
-0.778787,-3.26064,1.28457
3.00126,0.538818,1.31
1.73119,-0.713024,1.32498
4.34136,1.9155,1.38883
3.95547,1.54856,1.4425
1.46235,-0.944563,1.36408
3.18732,0.780407,1.37307
4.69299,2.3047,1.35549
3.37241,0.990103,1.28699
0.14866,-2.24465,1.21208
0.144681,-2.22956,1.17696
2.23175,-0.122964,1.30982
2.91657,0.561856,1.37005
4.01784,1.66313,1.40871
1.22549,-1.10757,1.33103
0.319012,-2.01405,1.26784
0.89149,-1.4198,1.26285
1.55436,-0.775429,1.24165
2.36538,0.0545833,1.27793
3.17159,0.88089,1.29279
1.47806,-0.81264,1.28216
-1.00982,-3.27858,1.20498
0.45449,-1.81427,1.18606
3.20301,0.914825,1.24239
2.60112,0.334852,1.27908
1.84023,-0.40419,1.33982
-0.00854734,-2.22965,1.36438
2.98891,0.74449,1.39035
5.15265,2.88638,1.35981
4.29101,2.00985,1.27855
3.03639,0.755234,1.20337
2.01663,-0.286469,1.22363
2.95561,0.652511,1.29079
1.46145,-0.82149,1.30179
2.70336,0.441221,1.27545
4.5129,2.24115,1.34301
2.143,-0.151473,1.28134
1.48785,-0.828498,1.17871
2.1386,-0.16786,1.20187
1.47159,-0.834222,1.2066
1.12117,-1.18464,1.16946
2.56753,0.261718,1.22718
4.66012,2.33421,1.29155
4.58169,2.27588,1.32064
3.79887,1.50016,1.31361
3.08247,0.806484,1.27956
2.29651,0.0205238,1.25141
1.54059,-0.713025,1.19005
1.65403,-0.588132,1.21159
3.11987,0.877708,1.24363
2.49469,0.22831,1.24718
2.69234,0.42596,1.22613
3.48663,1.21672,1.27838
2.83951,0.561251,1.21768
0.794536,-1.48318,1.17177
1.11278,-1.16958,1.19685
2.40632,0.145945,1.22849
2.59944,0.321673,1.19757
2.334,0.0562334,1.17284
2.1083,-0.169467,1.19176
2.20149,-0.0762768,1.21699
3.36722,1.06747,1.23347
3.34478,1.03057,1.22731
3.32799,1.0343,1.27986
2.21709,-0.0865254,1.27299
1.26735,-1.03627,1.24968
2.0377,-0.289375,1.2034
2.12557,-0.201505,1.21008
2.31069,0.00707459,1.192
-0.120435,-2.43135,1.11243
-0.319089,-2.60948,1.06118
1.08619,-1.18227,1.14587
0.199911,-2.09048,1.17932
0.0407099,-2.24968,1.22285
3.99058,1.72212,1.38727
3.98038,1.725,1.40967
1.33684,-0.939773,1.26412
1.49696,-0.756433,1.17964
4.17847,1.90186,1.23208
1.00433,-1.27228,1.26373
0.726335,-1.52706,1.26778
1.91954,-0.311702,1.32506
1.7188,-0.512442,1.24602
0.59224,-1.639,1.09591
1.14094,-1.0695,1.12897
3.42615,1.23871,1.18249
1.67983,-0.530612,1.19014
2.55313,0.342688,1.24799
2.05035,-0.170923,1.24428
0.570439,-1.65083,1.2592
1.44413,-0.80003,1.27686
1.70447,-0.539689,1.29066
4.93083,2.66419,1.62434
2.49536,0.228716,1.50787
0.903329,-1.38525,1.1955
1.71978,-0.590681,1.16676
1.12093,-1.20008,1.16108
1.50314,-0.817868,1.19401
3.95175,1.63074,1.23243
3.94234,1.59755,1.23557
2.96814,0.610355,1.23073
3.48954,1.15399,1.27401
4.34948,2.03756,1.2746
1.67539,-0.639598,1.1686
1.61434,-0.715339,1.13845
1.96508,-0.364599,1.17331
2.591,0.261322,1.17232
3.21661,0.886931,1.14519
3.17599,0.869936,1.15799
2.92909,0.623036,1.20256
2.05511,-0.271722,1.23282
2.58065,0.277538,1.27834
2.70231,0.379201,1.27266
3.01379,0.690681,1.24836
3.95825,1.63514,1.17971
1.60699,-0.692701,1.09786
1.13161,-1.16054,1.08884
0.948927,-1.3478,1.07942
-0.284978,-2.57429,1.07801
0.0929127,-2.1964,1.22006
2.31193,0.0226169,1.28528
-0.00459375,-2.29769,1.24363
3.53395,1.2326,1.22411
3.20928,0.907925,1.1821
1.18066,-1.0965,1.10014
2.02911,-0.233542,1.13429
4.40409,2.16258,1.14969
2.42352,0.185214,1.11012
3.30836,1.04892,1.06648
0.967301,-1.31352,1.01733
2.47108,0.211637,1.03885
4.05856,1.79594,1.08639
0.36747,-1.89515,1.04298
3.89695,1.60984,1.10805
3.48604,1.22342,1.12994
3.81191,1.56395,1.13071
2.41318,0.165222,1.11027
1.06515,-1.19905,1.07202
2.93444,0.685761,1.08329
3.15936,0.931818,1.13399
4.21063,1.97577,1.15413
1.80521,-0.434845,1.16564
1.77594,-0.472142,1.19071
3.53096,1.26174,1.22335
2.19126,-0.0728972,1.13025
0.990206,-1.25313,1.10031
1.87117,-0.350701,1.14691
3.76438,1.53153,1.24454
3.52235,1.2895,1.25492
0.967568,-1.25938,1.19997
-0.287855,-2.51851,1.15915
2.52946,0.290626,1.13438
1.46971,-0.791791,1.07352
4.09171,1.83021,1.16004
3.15279,0.881241,1.17267
-0.0518669,-2.34812,1.07975
1.24954,-1.072,1.05358
1.89399,-0.453239,1.0416
1.54825,-0.773747,1.06334
3.62339,1.30424,1.09432
1.9227,-0.396446,1.12207
0.836415,-1.4984,1.09652
4.66595,2.33114,1.14589
0.441708,-1.8931,1.0354
3.00647,0.648068,1.0685
3.33243,0.964742,1.09091
4.2595,1.89181,1.1595
5.78287,3.41518,1.30473
4.37719,1.98626,1.31646
2.8343,0.443369,1.24826
1.84299,-0.547941,1.15786
2.793,0.380244,1.08814
2.77859,0.380805,1.08292
2.95654,0.539362,1.1038
4.16227,1.72236,1.17043
0.905086,-1.51209,1.20438
3.04293,0.625752,1.29659
2.41947,-0.00499201,1.34529
1.60216,-0.813573,1.26849
1.89347,-0.508942,1.28801
1.77683,-0.625582,1.20157
2.90854,0.495247,1.12767
2.40749,-0.0271709,1.08206
1.73391,-0.722741,1.07425
2.94309,0.49717,1.14519
3.09419,0.64827,1.38705
0.956088,-1.48983,1.89573
3.83523,1.38931,2.19368
4.01502,1.5773,2.00061
-0.113156,-2.55088,1.60504
2.57945,0.122376,1.41773
5.26163,2.79246,1.33
-0.572273,-3.04682,1.2413
2.90239,0.421242,1.35055
0.357617,-2.11341,1.27535
0.866523,-1.58661,1.2752
2.04513,-0.408,1.29077
1.49216,-0.96097,1.22694
0.689586,-1.77656,1.14383
0.490584,-1.96373,1.12048
3.03156,0.593865,1.13026
2.16655,-0.271145,1.12516
2.82716,0.389465,1.16524
3.11082,0.653914,1.29279
-0.16542,-2.62233,1.19394
2.12062,-0.336286,1.17351
1.34742,-1.10455,1.17081
2.1906,-0.280323,1.214
3.63533,1.14662,1.20865
2.98643,0.498942,1.19696
1.55351,-0.933978,1.17598
4.15371,1.68401,1.18687
3.11269,0.661946,1.16107
3.69384,1.2431,1.14765
2.82475,0.355051,1.13025
1.32023,-1.14947,1.14601
2.11568,-0.364863,1.11263
1.32282,-1.15772,1.02875
2.43012,-0.0313921,1.06315
0.186247,-2.27526,1.19949
0.308651,-2.1433,1.25773
2.57544,0.142575,1.13151
2.27979,-0.157581,1.14239
2.4664,0.0473347,1.1202
3.33279,0.932261,1.14419
3.05997,0.672407,1.12114
2.42395,0.046334,1.04783
1.4905,-0.881948,1.05239
0.793298,-1.57915,1.09809
2.73585,0.363402,1.13001
1.19011,-1.16317,1.04496
0.753789,-1.59949,1.05853
2.24775,-0.124698,1.0812
3.9337,1.55808,1.16507
3.44161,1.06599,1.20746
0.296176,-2.0755,1.18685
2.17236,-0.217983,1.17782
3.44322,1.07154,1.15719
3.89715,1.52548,1.22461
3.9938,1.64124,1.1856
3.05346,0.700899,1.19398
1.90987,-0.442691,1.14598
2.6788,0.326239,1.12819
1.47876,-0.879198,1.11708
2.45821,0.0913589,1.09814
3.72443,1.37669,1.07853
1.72589,-0.604043,1.02661
2.98265,0.652717,1.0664
2.74516,0.431788,1.14411
2.24772,-0.0822132,1.18062
1.00695,-1.33506,1.12291
1.16761,-1.1744,1.02475
3.14147,0.799461,1.04257
0.846922,-1.51284,1.02197
2.96072,0.582471,1.09859
3.3711,0.992851,1.11763
1.76762,-0.62801,1.08517
2.72913,0.350881,1.07805
5.92692,3.53009,1.08178
1.81384,-0.571646,1.01873
1.38368,-1.00064,0.991422
1.70655,-0.677774,1.01068
2.28405,-0.0889976,1.03969
2.48749,0.114442,1.1108
1.68102,-0.708345,1.12049
1.90435,-0.485015,1.09397
2.40996,0.0205951,1.06477
3.73915,1.3661,1.07781
3.2985,0.915866,1.05567
2.44916,0.0665259,1.01777
3.06022,0.661856,1.03699
1.44917,-0.942322,1.00906
4.25301,1.86931,1.04572
3.72383,1.3244,1.05369
2.50608,0.09079,1.06457
2.84424,0.42895,1.10769
3.10038,0.700948,1.13939
2.54408,0.136229,1.09772
2.35475,-0.0495627,1.01063
2.82194,0.401769,1.00814
2.46774,0.0475695,0.983793
1.65225,-0.76792,0.994083
2.00937,-0.426814,1.00604
3.19276,0.756576,1.04331
3.36774,0.947569,1.04601
2.62213,0.1904,1.043
1.50288,-0.917085,1.03649
1.84401,-0.572606,1.06445
3.80821,1.37582,1.07352
3.47402,1.04163,1.03996
4.29937,1.86698,1.05135
2.11739,-0.315001,1.00714
1.78339,-0.649001,1.02117
2.61051,0.178119,1.0489
1.30117,-1.13122,1.0328
3.14101,0.693683,1.04958
2.85505,0.39168,1.00532
2.26663,-0.182061,1.00545
1.82774,-0.633504,0.992843
1.95939,-0.512643,0.989488
2.09275,-0.379283,0.976686
0.237234,-2.2267,0.96432
3.67347,1.19606,1.01923
3.39819,0.906822,1.0454
3.57175,1.06593,1.03445
4.30792,1.78783,1.04451
1.84064,-0.665183,0.960983
0.80987,-1.69595,0.914733
1.58618,-0.933912,0.931218
1.69795,-0.835043,0.926192
2.02005,-0.49937,0.969458
2.2824,-0.22327,0.970974
1.2165,-1.28917,0.944751
0.340674,-2.165,0.910971
2.26543,-0.240617,0.954274
1.35408,-1.16534,0.955349
1.8063,-0.726693,0.974736
2.54463,0.00186944,0.974093
0.860766,-1.69608,0.949701
3.48139,0.910726,0.97191
0.760207,-1.82442,0.955964
3.18719,0.594091,0.982837
3.54651,0.937722,1.07058
2.16266,-0.457758,1.16645
4.22571,1.62041,1.2406
1.64758,-0.943036,1.1083
3.27036,0.667466,0.977255
1.91326,-0.705582,0.951467
1.46266,-1.15618,0.95229
2.02192,-0.612966,1.0044
0.939867,-1.7007,1.03178
2.94321,0.286874,1.0253
1.25307,-1.4193,0.989498
1.87129,-0.801079,0.954066
2.8306,0.158231,0.973843
2.35098,-0.321389,0.989939
1.49116,-1.19701,1.00156
0.77414,-1.91509,1.0253
1.78798,-0.88554,1.05541
0.94979,-1.72285,1.04373
1.83424,-0.838399,1.08635
3.58562,0.912981,1.08111
2.46685,-0.19738,1.02044
1.86633,-0.7979,1.00962
3.82834,1.17211,1.06154
4.64818,1.99195,1.11064
3.65901,0.990299,1.08527
3.22105,0.55234,1.04587
3.67759,0.993473,0.97443
0.900076,-1.78406,0.930367
3.05023,0.373882,0.969741
3.07512,0.395267,1.07637
2.3029,-0.390276,1.11214
2.69053,-0.0172982,1.13254
3.03614,0.313794,1.13646
2.28934,-0.433006,1.09604
3.11079,0.373849,1.06155
3.17689,0.438259,1.01795
3.36453,0.625899,1.03859
2.92259,0.169793,1.02357
1.44518,-1.30762,1.02092
2.96896,0.208464,1.03368
2.46663,-0.293866,1.00616
2.79221,0.0171564,1.02338
3.26964,0.480108,0.965618
2.46113,-0.328402,0.970549
1.3773,-1.42682,0.994127
2.99891,0.18056,1.0293
3.57131,0.738227,0.99826
0.915385,-1.93265,0.976747
1.26134,-1.5867,0.997877
3.15503,0.292683,1.05867
1.71445,-1.1479,1.0113
2.59784,-0.250198,0.956822
2.84623,-0.00180793,0.979597
3.64761,0.798149,0.995589
3.6462,0.782122,1.0074
3.12139,0.257312,0.983945
3.09413,0.230052,0.986048
1.95341,-0.908344,0.97557
2.57142,-0.304068,0.980854
2.08372,-0.784788,0.938576
2.60527,-0.264183,0.942181
3.13463,0.251254,0.935258
2.12362,-0.760652,0.918584
4.37231,1.49449,1.00107
3.9704,1.08464,1.04352
1.25742,-1.6346,0.964962
0.841977,-2.05767,0.936915
1.6712,-1.22845,0.947921
0.858934,-2.03308,0.935135
2.8115,-0.0742559,0.931077
4.37694,1.48475,0.94535
2.21972,-0.678724,0.908539
2.66195,-0.24447,0.937046
4.44409,1.54565,1.01541
2.61136,-0.280826,1.08538
3.09918,0.213259,1.10658
2.42928,-0.462906,1.05679
2.96973,0.0775437,1.04999
3.26997,0.369765,0.974171
3.16146,0.262232,1.0395
3.1862,0.272382,1.02808
1.45156,-1.44802,0.99427
3.55031,0.658492,0.993092
3.40659,0.514772,0.995441
2.76003,-0.144979,0.976081
2.80908,-0.110681,0.978255
2.17693,-0.756754,0.969285
2.00261,-0.916616,0.969591
4.36391,1.43023,0.993127
3.24895,0.329724,0.999665
2.26323,-0.641406,0.94234
3.21905,0.325158,0.947274
3.61576,0.736755,0.934857
3.18836,0.309355,0.91411
4.63741,1.7584,0.95229
5.02555,2.14654,0.969673
4.20149,1.32248,0.951837
3.08368,0.192178,0.929122
2.92733,0.0354199,0.93015
4.73899,1.84708,0.946845
3.21741,0.3255,0.932193
2.3234,-0.56851,0.912947
2.32529,-0.567306,0.925632
3.2632,0.356709,0.935712
4.20606,1.2858,0.940817
1.45987,-1.47435,0.926852
3.00518,0.0709591,0.969099
4.61508,1.68086,1.03142
4.45131,1.52168,1.04578
4.29466,1.36503,1.01911
4.66953,1.74638,1.00236
1.95743,-0.960477,0.986748
3.21753,0.286357,1.05633
5.36118,2.43001,1.09279
4.59798,1.65356,0.997668
2.39816,-0.542477,0.874034
2.33169,-0.608947,0.879538
2.94652,0.014467,0.919811
2.32757,-0.617428,0.962429
3.22893,0.271159,0.958464
3.55199,0.588959,0.993671
2.62497,-0.331364,1.01064
2.1505,-0.811199,1.00319
2.15298,-0.81348,0.965924
2.05736,-0.917217,0.905283
4.06543,1.07927,0.926617
4.3663,1.36888,0.961676
3.03004,0.0326171,0.9826
3.02767,0.0200486,1.0644
2.35533,-0.652291,1.07655
2.66356,-0.354185,1.02634
2.88886,-0.138957,0.941375
2.90156,-0.126257,0.921888
3.34386,0.306282,0.91166
4.13922,1.09189,0.949573
3.75091,0.703581,0.973848
3.55933,0.521752,0.997768
4.06761,1.03003,1.02513
4.16498,1.1274,0.977386
4.40081,1.36855,0.938465
4.69046,1.66264,0.934013
1.92646,-1.1058,0.899173
4.47851,1.44667,0.961703
4.88915,1.85837,0.977858
4.49765,1.46226,1.00043
3.63183,0.59092,0.929543
1.74529,-1.29562,0.914664
4.15572,1.11574,0.971818
4.4761,1.43049,0.989522
3.51288,0.468897,0.969436
3.75667,0.717025,0.963098
3.68944,0.654652,0.95296
2.48044,-0.556082,0.958116
5.87008,2.82751,0.997356
5.37682,2.33236,0.980538
1.1837,-1.86097,0.930843
1.23311,-1.80415,0.891756
3.80291,0.765646,0.954557
3.14279,0.116244,0.932906
5.36693,2.32967,0.966985
4.06384,1.02658,0.963684
1.91876,-1.11352,0.945913
3.03472,0.00244141,0.937746
3.23395,0.190588,0.945959
0.197805,-2.85508,0.898635
5.95517,2.91073,1.00421
4.35089,1.31753,1.00097
2.58315,-0.450209,0.983831
1.99235,-1.04101,0.943547
2.01622,-1.01504,0.921082
2.8994,-0.120723,0.918882
3.29131,0.282686,0.917049
3.36101,0.362346,0.972852
1.9645,-1.03672,0.976398
3.94237,0.935967,1.03315
4.76638,1.75998,1.0559
-0.200796,-3.19473,0.992231
2.47399,-0.519941,0.961512
2.25149,-0.749463,0.967483
1.25023,-1.74589,0.922225
1.94844,-1.05476,0.905061
3.60487,0.60875,0.962843
3.85421,0.863797,1.00607
2.72492,-0.272605,1.00742
4.40548,1.40228,0.997753
1.18652,-1.81668,0.951307
1.30175,-1.70775,0.99813
4.06825,1.05327,1.02407
1.90714,-1.11306,1.00302
1.4611,-1.55361,1.00443
1.65288,-1.36732,0.964607
3.07229,0.045243,0.963554
3.6854,0.6652,0.924232
3.14008,0.113033,0.900652
2.4555,-0.562622,0.897748
1.37939,-1.62633,0.914026
4.57751,1.55939,0.940467
2.53739,-0.487685,0.958601
1.76685,-1.24569,0.916083
2.71303,-0.287706,0.939881
0.30767,-2.6826,0.854795
1.21118,-1.78413,0.876549
1.94765,-1.04766,0.912738
1.93724,-1.05668,0.930255
2.23467,-0.758017,0.949817
3.56214,0.571827,0.960487
4.59962,1.60888,0.960332
2.56176,-0.442432,0.940135
2.32985,-0.674342,0.939827
1.95856,-1.03218,0.974028
2.05339,-0.922727,1.04677
2.59055,-0.397347,1.05352
3.22439,0.251072,0.980868
5.47262,2.4993,1.00267
3.88363,0.89793,0.99981
1.94492,-1.02707,0.990755
2.11585,-0.84116,0.975863
3.26431,0.3073,0.949329
2.98394,0.0373375,0.924433
1.90758,-1.02824,0.903962
2.88949,-0.0379102,0.891133
2.93475,0.0232062,0.891122
3.99947,1.09797,0.990182
5.02985,2.11294,1.07488
3.44633,0.529422,1.01866
3.00275,0.0806792,0.952519
2.58213,-0.324722,0.947006
2.53314,-0.358315,0.93361
2.79452,-0.112332,0.933532
3.48216,0.585859,0.937038
4.10386,1.22298,0.973313
2.88284,0.0168152,0.952502
2.64015,-0.218042,0.946603
2.8873,0.0291083,0.938332
2.8635,0.0127192,0.939736
3.17152,0.313328,0.906048
4.17701,1.32631,0.898124
3.68004,0.836746,0.852977
2.28099,-0.554493,0.824385
3.97597,1.13268,0.868034
4.06301,1.21231,0.890486
2.7575,-0.0906126,0.929138
4.22573,1.36986,0.957752
4.83831,1.98244,0.917999
4.18176,1.33365,0.900766
3.65166,0.811083,0.886199
3.55756,0.711156,0.902315
3.33809,0.475982,0.917698
2.58199,-0.296051,0.896982
2.1321,-0.761995,0.869631
3.30107,0.406975,0.915898
4.087,1.1929,0.905903
2.52433,-0.374333,0.87625
1.11788,-1.79744,0.846543
2.05557,-0.864997,0.84343
0.633873,-2.28669,0.833556
4.07696,1.15857,0.895607
3.05239,0.142287,0.860239
2.90938,-0.00878549,0.852397
3.24936,0.331195,0.87946
0.299197,-2.61897,0.846592
4.09534,1.17717,0.940164
3.76016,0.824636,0.886491
3.44293,0.507406,0.84607
3.66567,0.741157,0.876206
4.00906,1.08455,0.911637
4.2184,1.29389,0.937063
2.37308,-0.551433,0.929756
1.77968,-1.16216,0.884855
2.81731,-0.124534,0.860173
2.9766,0.0347559,0.840339
2.26799,-0.656573,0.824388
2.3263,-0.613884,0.827269
2.12717,-0.813014,0.86364
3.7553,0.805702,0.87227
2.40686,-0.534344,0.841523
2.17121,-0.761657,0.804703
3.75255,0.827291,0.863134
3.6026,0.684763,0.856065
3.19931,0.290232,0.869832
2.23695,-0.680887,0.860418
2.39681,-0.521027,0.871492
2.50232,-0.406758,0.833582
1.89393,-1.0073,0.874884
1.36273,-1.54729,0.84447
1.4511,-1.46674,0.811331
2.77748,-0.132539,0.850908
2.0552,-0.847561,0.920489
2.0044,-0.890124,0.956218
3.19903,0.313206,0.933597
2.9254,0.0308759,0.87912
1.46396,-1.43056,0.857244
1.89508,-0.998429,0.85839
1.53116,-1.36235,0.893092
1.06337,-1.8472,0.900422
1.62014,-1.28792,0.882629
2.49847,-0.401302,0.859277
2.24742,-0.652352,0.857818
3.33331,0.433537,0.941951
4.00321,1.0946,1.05182
2.31833,-0.605983,0.988472
0.804313,-2.12789,0.880529
2.26558,-0.67386,0.849464
2.16137,-0.786044,0.854245
1.67818,-1.27665,0.873621
2.62454,-0.337388,0.866739
2.38516,-0.582851,0.88184
1.62206,-1.34617,0.867933
2.92722,-0.0467048,0.882269
3.12102,0.133721,0.912616
1.65352,-1.327,0.884343
1.64624,-1.34106,0.897473
2.02955,-0.957749,0.884869
1.80634,-1.18096,0.881751
2.06895,-0.918349,0.909696
3.80157,0.814271,0.97259
3.88143,0.894131,0.994511
2.51452,-0.472779,0.969313
2.13397,-0.85885,0.967442
2.78844,-0.20438,0.968281
2.90473,-0.0825686,0.929716
3.25341,0.26059,0.901937
3.17614,0.177796,0.893502
2.09712,-0.907936,0.838945
2.26592,-0.737319,0.841758
3.13417,0.136583,0.865923
2.82513,-0.168606,0.897961
3.58668,0.587242,0.900715
2.26071,-0.752612,0.872818
1.25586,-1.77079,0.878102
2.24272,-0.783933,0.872985
3.11117,0.0711086,0.867596
2.12269,-0.931547,0.846531
3.66405,0.595685,0.875266
4.62762,1.54269,0.890712
3.5334,0.431638,0.859953
1.16609,-1.95296,0.804385
1.55579,-1.57819,0.801206
5.25805,2.1081,0.867159
2.80125,-0.365701,0.871518
2.65237,-0.514581,0.85452
2.30893,-0.858021,0.826308
2.06909,-1.11513,0.810337
2.79773,-0.403697,0.818765
3.3364,0.117757,0.82541
2.08765,-1.14817,0.836502
3.55494,0.301614,0.92355
2.79705,-0.473678,0.951807
1.67657,-1.60404,0.910013
2.48097,-0.799644,0.851053
3.64621,0.365596,0.858674
2.31078,-0.987408,0.826777
2.50123,-0.815223,0.819526
1.5481,-1.77855,0.786507
1.99744,-1.3471,0.821329
2.69323,-0.659029,0.859121
1.30494,-2.06544,0.855736
3.83885,0.450531,0.866472
3.80545,0.40354,0.834569
3.54852,0.14661,0.800643
2.45647,-0.94544,0.785759
1.88812,-1.52017,0.759733
3.60663,0.181396,0.799215
3.39827,-0.0439146,0.808265
4.25723,0.798348,0.814363
3.47453,-0.000932217,0.789849
3.22119,-0.271731,0.79768
3.89711,0.394388,0.790876
3.27828,-0.224442,0.809249
2.29697,-1.22371,0.816214
3.1477,-0.392734,0.817762
4.52536,0.964686,0.836696
4.56356,0.98248,0.828463
3.48968,-0.111572,0.791773
3.22197,-0.379282,0.79585
4.51813,0.896302,1.07952
5.46222,1.83082,1.12799
4.23948,0.58762,0.89678
4.28196,0.627324,0.864827
4.61076,0.95551,0.886582
2.09884,-1.57875,0.837696
1.68226,-1.99533,0.871376
2.37914,-1.29845,0.876765
3.19985,-0.477736,0.842307
4.26688,0.576543,0.818258
5.11432,1.40929,0.814988
4.97861,1.25633,0.837628
4.51895,0.773615,0.861998
3.68884,-0.0813813,0.860414
3.57168,-0.222686,0.811815
2.817,-1.00175,0.781582
3.26216,-0.562326,0.763788
6.03972,2.20272,0.818979
3.98851,0.126285,0.830979
3.83958,-0.033432,0.84552
4.26485,0.378925,0.868518
3.30659,-0.590056,0.826986
2.58498,-1.31403,0.786135
4.14685,0.235317,0.805671
4.43621,0.514387,0.809829
3.24504,-0.68903,0.776298
2.95215,-0.992039,0.776644
2.90657,-1.04928,0.791245
2.89924,-1.0785,0.791324
3.27254,-0.716301,0.763833
2.46997,-1.52942,0.767274
2.63347,-1.37657,0.77806
0.659397,-3.36092,0.767939
1.4248,-2.5854,0.748848
3.2205,-0.779311,0.803808
0.692047,-3.31815,0.777296
0.822458,-3.20885,0.831393
1.54002,-2.50503,0.909775
1.76759,-2.27746,0.860198
2.05271,-2.01287,0.788588
1.79346,-2.29261,0.737657
0.349157,-3.75761,0.73457
0.35525,-3.76849,0.787023
2.04966,-2.09464,0.823342
2.55492,-1.60931,0.762854
2.38676,-1.79468,0.796031
2.99818,-1.2035,0.766123
4.40243,0.180764,0.831591
4.68816,0.446443,0.821188
3.10876,-1.15256,0.775138
2.90074,-1.37929,0.769684
2.5417,-1.75279,0.741661
2.4129,-1.89481,0.763034
4.01668,-0.308544,0.774561
3.66506,-0.677588,0.790836
4.42491,0.0647345,0.816029
4.08757,-0.288624,0.834656
3.54563,-0.846336,0.862781
3.94998,-0.457533,0.886938
4.49386,0.0702386,0.867028
3.55321,-0.886616,0.814601
3.20056,-1.25676,0.79516
2.97629,-1.49749,0.803743
3.45708,-1.03263,0.839362
4.36346,-0.141174,0.855354
4.06337,-0.454937,0.849771
2.29182,-2.22649,0.813732
4.00886,-0.509448,0.813075
2.37107,-2.14724,0.797703
0.767076,-3.75123,0.779745
2.31474,-2.20357,1.00224
4.23536,-0.282948,1.09554
2.82925,-1.68906,0.895923
1.65463,-2.86368,0.863173
2.11322,-2.40509,0.838756
1.56707,-2.95124,0.815554
0.663502,-3.85481,0.765077
1.84123,-2.67708,0.791604
2.04669,-2.47162,0.803678
3.4504,-1.06791,0.804037
2.52778,-1.99053,0.792212
2.30847,-2.20984,0.74722
2.35641,-2.16403,0.787758
0.853994,-3.66645,0.805616
4.3753,-0.151696,0.894302
3.60005,-0.939704,0.832622
3.76867,-0.778582,0.832158
4.34472,-0.215372,0.834761
4.48405,-0.0892334,0.882798
5.0476,0.460943,0.843898
4.46254,-0.137581,0.813089
4.45699,-0.155883,0.802025
4.24743,-0.377636,0.799264
4.91569,0.279343,0.785842
5.09409,0.44641,0.781333
3.43071,-1.22907,0.798252
4.73807,0.0726418,0.849207
4.8043,0.127138,0.88895
3.96898,-0.71891,0.876287
4.67868,-0.0207386,0.842
5.95919,1.24859,0.834087
5.4396,0.728997,0.823722
5.7072,0.985451,0.829943
5.68625,0.961407,0.831307
6.00993,1.27371,0.843322
5.62646,0.882907,0.825612
4.57083,-0.172723,0.790108
4.3164,-0.438178,0.811369
5.03237,0.26683,0.843136
5.38187,0.607993,0.842003
5.3385,0.553397,0.823563
5.0271,0.241997,0.796253
4.47529,-0.309813,0.782867
4.45497,-0.330133,0.780151
6.06122,1.27612,0.792511
3.26942,-1.52655,0.766685
3.85459,-0.952301,0.764304
5.6731,0.855418,0.780035
5.02874,0.20025,0.782232
3.51919,-1.31951,0.777101
5.52226,0.678334,0.839273
5.29174,0.437596,0.826082
4.89544,0.0316668,0.814747
5.14512,0.281347,0.80524
5.07227,0.208497,0.816589
4.26036,-0.610884,0.851636
4.63869,-0.232554,0.849299
5.34728,0.476036,0.843226
5.63423,0.762986,0.80042
5.11829,0.241201,0.781033
5.4311,0.559856,0.789728
7.04891,2.17348,0.814606
5.38413,0.502889,0.806407
6.69476,1.80946,0.84337
6.12342,1.24218,0.810931
5.85324,0.967942,0.811695
6.18996,1.31044,0.835912
4.97802,0.098496,0.837349
6.03615,1.15273,0.853293
6.76137,1.87402,0.84529
4.8284,-0.0552568,0.791029
4.56735,-0.320231,0.789672
5.8238,0.932089,0.804487
4.9712,0.0698218,0.832078
5.74907,0.847692,0.890415
6.00645,1.10507,0.886509
4.45292,-0.459751,0.851096
3.77216,-1.13493,0.829146
4.52709,-0.388955,0.855739
4.92922,0.00593233,0.831594
5.57839,0.655102,0.791336
4.80377,-0.128547,0.771627
5.48374,0.542544,0.79968
5.46041,0.519214,0.785597
5.26041,0.310254,0.831792
6.72545,1.77473,0.886063
4.81854,-0.12817,0.880069
4.82098,-0.125731,0.862069
5.57002,0.62331,0.851297
6.28103,1.33255,1.08803
6.54029,1.58333,1.14533
5.67024,0.705701,0.953012
3.99365,-0.970889,0.887535
5.3955,0.430961,0.827878
4.71851,-0.254081,0.777764
5.23345,0.260859,0.80937
6.39506,1.42247,0.818526
4.43392,-0.538671,0.786975
5.01945,0.0438166,0.816802
5.03503,0.0593963,0.833374
5.71308,0.729174,0.818439
5.20493,0.212678,0.788924
4.80423,-0.196862,0.817344
6.29392,1.29283,0.874763
3.56016,-1.44569,0.843295
3.02555,-1.97554,0.804859
4.97881,-0.0188212,0.78035
5.28552,0.292802,0.755017
4.2057,-0.790861,0.761089
4.55678,-0.444519,0.791222
3.34626,-1.65744,0.795449
5.53253,0.524232,0.823541
4.9178,-0.0904975,0.807037
5.00223,-0.00749445,0.794296
6.20189,1.19596,0.819898
4.67017,-0.332087,0.817658
4.49945,-0.498753,0.819931
5.31792,0.315663,0.806404
5.77494,0.764548,0.80413
5.45185,0.433337,0.789199
4.9148,-0.111823,0.781804
4.86381,-0.170851,0.792765
5.00902,-0.0336976,0.856769
5.28402,0.232906,0.869023
4.42284,-0.628274,0.810776
4.39655,-0.660832,0.760222
5.54592,0.480761,0.77457
6.00192,0.929312,0.811168
5.79211,0.717825,0.850628
4.67084,-0.410349,0.844515
6.00587,0.924681,0.837426
6.13378,1.04537,0.798598
5.03258,-0.0633025,0.816742
6.18324,1.08736,0.804685
6.065,0.963473,0.800887
6.06365,0.955033,0.896124
5.38809,0.27741,0.922135
5.78567,0.67499,0.907263
6.76524,1.65456,0.84082
6.01627,0.908808,0.780248
5.1414,0.0372581,0.779241
4.74248,-0.358035,0.779459
6.59662,1.49664,0.805475
6.6786,1.5823,0.825435
4.83869,-0.254436,0.810444
4.50169,-0.595108,0.789945
3.58171,-1.51142,0.765254
6.0186,0.925474,0.815546
4.50565,-0.589552,0.793326
3.68396,-1.4144,0.777736
5.62103,0.521039,0.795525
5.69504,0.591577,0.797024
4.20073,-0.905914,0.763735
5.20755,0.0944514,0.755239
6.16723,1.04758,0.786982
5.45609,0.329989,0.797947
4.67906,-0.452189,0.799486
5.43578,0.298257,0.793383
4.61658,-0.527481,0.756701
4.83909,-0.311855,0.721355
4.15574,-0.998724,0.715471
4.88486,-0.274304,0.712476
5.87023,0.704116,0.770275
4.59984,-0.573671,0.744663
6.73027,1.54941,0.82129
5.72594,0.537795,0.838553
6.03322,0.845075,0.834336
6.83468,1.64653,0.896499
6.47032,1.28218,0.876091
5.82019,0.632045,0.866534
5.91863,0.730485,0.844533
4.89368,-0.289389,0.793369
4.9972,-0.185869,0.744168
4.97641,-0.206659,0.696975
4.68823,-0.49451,0.746991
5.33679,0.160437,0.769406
4.93812,-0.241054,0.773238
5.18977,0.00311375,0.755161
6.05646,0.862311,0.761915
5.15009,-0.0385056,0.797995
4.20978,-0.978816,0.820668
5.87539,0.684879,0.811054
4.60241,-0.587235,0.737639
5.46612,0.272368,0.763915
4.82004,-0.368485,0.921047
4.4057,-0.784752,1.07409
5.11211,-0.085784,1.09808
5.26035,0.0573859,1.04001
5.96166,0.751863,0.998091
6.26537,1.0479,0.897784
4.39515,-0.829942,0.808542
4.13091,-1.08794,0.738026
5.09992,-0.117213,0.737184
4.06001,-1.14927,0.722411
5.41616,0.206883,0.753695
5.31532,0.113336,0.771859
5.23835,0.0443192,0.773918
5.03671,-0.157321,0.807324
4.80913,-0.384901,0.840621
5.2342,0.0482674,0.879623
5.0234,-0.162533,0.866056
3.8331,-1.34499,0.788694
4.33577,-0.842318,0.794029
4.95097,-0.234962,0.776775
4.47404,-0.711893,0.751444
4.26771,-0.923297,0.773363
5.23459,0.0513759,0.82162
3.9157,-1.26751,0.808888
5.54336,0.352353,0.795019
6.72451,1.52559,0.790839
5.07596,-0.130889,0.770463
4.13424,-1.07261,0.763648
6.58035,1.36565,0.824002
4.02732,-1.18716,0.794991
4.98594,-0.22069,0.830435
5.81925,0.617439,0.844566
4.622,-0.571902,0.809211
5.20129,-0.000520706,0.773691
5.30649,0.112587,0.785042
5.26941,0.07868,0.81311
4.24323,-0.9475,0.779876
3.79719,-1.38634,0.749601
4.83214,-0.354759,0.733379
5.93497,0.752417,0.757909
5.01851,-0.168454,0.747868
3.53806,-1.64794,0.711044
5.7287,0.542705,0.767484
5.85536,0.665822,0.756238
4.03555,-1.15814,0.78901
5.64663,0.457443,0.842448
4.78616,-0.403446,0.835918
4.22009,-0.973358,0.761661
4.25721,-0.931635,0.742114
4.8033,-0.390148,0.776656
5.41389,0.216639,0.902963
5.61249,0.412449,0.988289
5.7151,0.511133,1.03786
4.73269,-0.47589,0.974578
4.60233,-0.610161,0.740783
4.67549,-0.53309,0.739563
4.74348,-0.469011,0.737448
4.94982,-0.2636,0.716808
3.33935,-1.87407,0.696144
5.64264,0.420832,0.745781
5.89936,0.675333,0.735867
5.9398,0.715773,0.75287
5.8871,0.663074,0.735483
3.6283,-1.59573,0.715012
4.83151,-0.398893,0.748706
4.60207,-0.636044,0.797533
5.18098,-0.0602202,0.83769
5.26476,0.0157051,0.871515
5.16851,-0.0805449,0.835433
6.39736,1.15285,0.810321
5.11512,-0.121684,0.737795
4.74492,-0.499594,0.733776
4.2851,-0.951704,0.785471
4.53282,-0.696272,0.806861
5.2424,0.00559616,0.826226
5.39866,0.161856,0.84079
6.69912,1.47079,0.832648
5.46046,0.231443,0.801576
6.42323,1.19421,0.786254
5.95074,0.725261,0.771097
4.02881,-1.1922,0.765617
5.15881,-0.0646119,0.777092
5.41619,0.192768,0.761984
5.42291,0.199488,0.782265
4.97917,-0.244252,0.800082
4.89823,-0.325192,0.829657
5.54927,0.325848,0.831355
5.82314,0.599718,0.812284
4.41459,-0.808832,0.769958
5.20584,-0.0175819,0.761182
5.42942,0.205998,0.75912
5.05089,-0.172532,0.792573
4.68227,-0.541152,0.788878
3.93155,-1.29187,0.759913
3.16888,-2.05454,0.722529
4.93438,-0.289042,0.752118
5.07335,-0.150072,0.771173
3.73528,-1.49215,0.746447
4.12258,-1.11111,0.744346
6.60474,1.37105,0.786517
4.8402,-0.4015,0.769566
5.20108,-0.0406199,0.778346
5.42036,0.17866,0.822698
5.18343,-0.0502601,0.852518
5.71265,0.47966,0.852518
6.81933,1.58634,0.829374
5.93573,0.70274,0.800862
6.06681,0.83382,0.783888
5.82676,0.59377,0.752084
5.30271,0.0617719,0.749968
5.48522,0.236332,0.760471
6.12961,0.87321,0.78676
5.16219,-0.096364,0.785922
6.03222,0.765955,0.794715
6.42157,1.14901,0.78836
6.86909,1.59653,0.790752
7.1999,1.91999,0.804216
6.19087,0.902291,0.822724
5.92225,0.633671,0.831203
5.48486,0.196381,0.800172
5.5001,0.202667,0.793359
5.65089,0.344561,0.783638
5.12413,-0.191306,0.778294
4.21531,-1.10629,0.73002
5.0064,-0.305777,0.756279
4.64569,-0.666487,0.806672
5.17379,-0.147807,0.83576
6.61743,1.28659,0.861256
6.9214,1.58126,0.821205
5.10984,-0.233546,0.910099
4.59727,-0.752004,0.924611
5.1181,-0.240186,1.00648
5.22474,-0.14432,1.04048
5.12674,-0.25302,0.839989
5.4414,0.0520415,0.823019
6.2303,0.829983,0.797199
6.87254,1.46102,0.778832
5.76877,0.346386,0.740871
5.80897,0.375619,0.73566
5.60787,0.17452,0.792198
4.40937,-1.0343,0.788642
4.20804,-1.24743,0.797201
5.51299,0.0657558,0.801224
4.25607,-1.17926,0.746691
4.53171,-0.903861,0.802821
6.67986,1.24429,0.84269
7.11364,1.66627,0.822832
3.89939,-1.56005,0.748404
3.00221,-2.45723,0.764788
4.91092,-0.560421,0.819733
5.70631,0.223016,0.814547
5.65768,0.176373,0.763882
5.26273,-0.229584,0.744608
4.3859,-1.1187,0.740284
5.41776,-0.0992146,0.771097
5.63028,0.113306,0.788071
6.38884,0.859128,0.816581
6.94949,1.40908,0.808096
6.51493,0.98049,0.789741
5.40518,-0.116917,0.818039
3.85834,-1.6761,0.837135
3.74848,-1.78911,0.823128
4.30973,-1.24088,0.754572
4.42114,-1.12947,0.735875
5.24653,-0.311805,0.757059
7.19792,1.63022,0.813929
5.03872,-0.531672,0.780926
5.73934,0.166971,0.764565
5.06017,-0.524163,0.734623
4.11281,-1.48269,0.729698
4.3574,-1.24908,0.762457
4.23343,-1.38469,0.755717
3.06312,-2.56641,0.74946
3.44078,-2.19473,0.756742
3.84421,-1.7913,0.748481
4.54692,-1.08859,0.747838
4.62549,-1.01002,0.715757
3.13974,-2.50763,0.69609
4.15451,-1.50549,0.717134
3.84369,-1.81631,0.766667
4.90158,-0.771214,0.841812
4.81533,-0.8701,0.812852
4.326,-1.35943,0.759867
6.39283,0.694724,0.768102
5.07852,-0.631773,0.745596
6.313,0.59106,0.783951
5.79217,0.0584583,0.742041
5.62776,-0.117888,0.767439
6.22548,0.479832,0.819815
4.95386,-0.805563,0.842546
5.33785,-0.421573,0.828293
5.61023,-0.151283,0.846725
6.32674,0.551566,0.820505
6.28359,0.501517,0.815296
5.22507,-0.564304,0.740308
4.81308,-0.989581,0.742945
5.55672,-0.253624,0.76482
4.17842,-1.63878,0.786953
4.66027,-1.15758,0.80546
5.48885,-0.336054,0.799685
5.77926,-0.0516734,0.825441
6.76046,0.921715,0.850496
5.85916,0.0140672,0.816478
4.83272,-1.02605,0.775352
5.5825,-0.29014,0.809859
6.87356,0.986804,0.836578
6.87871,0.976955,0.870966
5.78673,-0.129837,0.841552
5.92021,-0.0111837,0.804331
3.58486,-2.34653,0.738908
4.91065,-1.0353,0.752124
5.98538,0.0248728,0.757439
4.98062,-0.994948,0.757617
5.1709,-0.819793,0.78905
4.07937,-1.91132,1.02816
6.42448,0.424125,1.3255
5.85227,-0.154751,1.24205
5.68107,-0.339458,1.0802
7.28533,1.24797,1.00519
6.60211,0.548629,0.91841
5.34236,-0.717963,0.836406
4.92978,-1.13146,0.756374
6.14729,0.086051,0.844624
6.25482,0.193581,0.865057
4.97329,-1.08795,0.83911
5.38764,-0.679048,0.803782
7.41783,1.35593,0.785105
6.37593,0.296281,0.772776
6.92139,0.823663,0.793151
6.77372,0.657599,0.809193
5.53785,-0.596333,0.831611
6.61783,0.46529,0.857711
7.47949,1.31004,0.862511
7.66788,1.4805,0.841812
7.37574,1.18836,0.836359
6.26186,0.0744781,0.842289
5.68951,-0.515475,0.879749
7.05897,0.836431,0.860087
6.87705,0.637164,0.819532
5.86141,-0.395607,0.818244
6.09462,-0.179373,0.859813
6.75538,0.473016,0.90571
6.11997,-0.158533,0.814541
4.74283,-1.55264,0.797696
6.40629,0.0931005,0.827031
6.30677,-0.021843,0.864214
6.02608,-0.318134,0.872995
6.12011,-0.23878,0.862136
6.03289,-0.341185,0.795265
5.94394,-0.445123,0.76788
7.12977,0.740706,0.817454
5.88006,-0.509003,0.79943
5.74988,-0.653839,0.768422
5.93815,-0.481333,0.757998
5.91291,-0.51702,0.786123
6.22327,-0.22059,0.802792
4.04716,-2.41052,0.847071
6.47442,0.00187588,0.860087
6.1909,-0.296367,0.79285
4.37522,-2.12671,0.741743
4.23137,-2.26683,0.762008
5.2113,-1.2869,0.795228
5.77586,-0.729723,0.833111
6.76804,0.24757,0.857162
6.47098,-0.0637431,0.867417
5.93575,-0.612707,0.828435
5.72066,-0.841513,0.816703
5.21827,-1.35739,0.811665
5.87592,-0.686254,0.783424
6.81495,0.239293,0.777313
7.04785,0.472193,0.791391
6.4342,-0.148897,0.807124
5.70137,-0.887739,0.844717
5.48388,-1.11169,0.822907
5.23537,-1.36665,0.812533
7.24566,0.637448,0.857903
6.10823,-0.506588,0.83018
4.73601,-1.88486,0.766244
5.63911,-0.98176,0.770971
6.33013,-0.297618,0.788262
5.71736,-0.916156,0.792698
7.48737,0.847723,0.823356
7.05172,0.405359,0.811513
7.03453,0.38222,0.794617
7.6162,0.962378,0.80228
5.922,-0.744034,0.782553
7.60097,0.922571,0.844452
7.63344,0.943658,0.883307
7.43581,0.734524,0.873844
7.4044,0.690677,0.817202
6.56332,-0.162372,0.770607
5.29098,-1.44744,0.765162
7.01584,0.264702,0.800828
7.6649,0.913762,0.86095
6.4769,-0.287299,0.850902
6.76607,-0.00881767,0.87751
7.80232,1.02743,0.878488
6.38702,-0.401164,0.898712
7.37507,0.573517,0.873644
7.55086,0.744814,0.836078
6.54652,-0.253917,0.837925
6.69317,-0.107267,0.896211
7.30969,0.502761,0.929066
6.40463,-0.402298,0.898686
8.13638,1.33594,0.895689
6.71264,-0.0942888,1.32437
-1.76649,-8.58035,4.78862
-2.83652,-9.64881,4.67973
7.39077,0.585185,3.96387
14.1698,7.36621,3.30322
10.6214,3.82428,1.53978
9.11376,2.31664,0.971382
7.74501,0.952023,0.847345
7.18363,0.384203,0.80392
7.42565,0.632415,0.794029
6.56416,-0.222643,0.801705
6.77936,-0.0138755,0.83219
7.6404,0.834797,0.862701
7.03125,0.225647,0.889721
6.50447,-0.31228,0.834003
6.78752,-0.0320563,0.799394
6.65613,-0.174752,0.792225
6.97009,0.140948,0.80012
6.91218,0.0830383,0.835778
7.42551,0.604345,0.873674
7.42589,0.597512,0.84651
6.73082,-0.108966,0.801329
6.50269,-0.33649,0.815475
6.0652,-0.762919,0.878509
6.82964,0.0130844,0.914821
6.55048,-0.277639,0.846841
6.4331,-0.406079,0.846701
6.51294,-0.326044,0.859905
5.50146,-1.34227,0.872553
6.66454,-0.190178,0.886781
7.89131,1.02766,0.892693
8.57051,1.69519,0.899409
7.81703,0.928871,0.901219
6.94965,0.0482683,0.882248
8.0537,1.13986,0.922684
8.13571,1.20933,0.852047
6.86696,-0.072155,0.784841
6.61095,-0.340999,0.803409
6.86053,-0.0937686,0.903335
6.81869,-0.135609,0.922535
7.1692,0.201745,0.889545
8.20557,1.22479,0.837423
6.38362,-0.611118,0.876115
6.61824,-0.391541,0.873471
7.51851,0.493255,0.845402
7.19282,0.151679,0.808457
6.8542,-0.202972,0.781102
7.07693,0.00419903,0.833351
9.48984,2.40141,0.901146
7.56094,0.456919,0.869542
6.82664,-0.293345,0.833858
8.38821,1.26822,0.804792
6.50248,-0.632808,0.787991
7.1728,0.0375123,0.799328
7.38367,0.232688,0.879623
6.86941,-0.297091,0.954953
7.23082,0.0538192,0.973497
7.3881,0.211099,0.905573
5.82469,-1.36804,0.82732
7.56221,0.364761,0.812554
6.76816,-0.441464,0.818787
6.78515,-0.429466,0.88574
7.88349,0.653244,0.910752
8.54331,1.29785,0.893466
7.87837,0.617537,0.843757
6.22419,-1.05143,0.809869
9.09635,1.8197,0.868335
8.09768,0.806351,0.938473
7.50442,0.197772,0.926546
9.70442,2.39777,0.935021
9.37736,2.07071,0.968086
7.84166,0.55088,0.902804
8.73323,1.43893,0.939578
8.30873,1.00983,0.919077
6.94814,-0.36683,0.917277
7.7006,0.384145,0.901967
10.6338,3.30036,0.961183
9.13657,1.80313,0.93754
7.36463,0.0143676,0.913156
6.66742,-0.666019,0.870118
7.03413,-0.316133,0.854601
7.88189,0.523823,0.870336
8.632,1.27066,0.91356
9.29595,1.91736,0.954761
7.81917,0.436421,0.990109
7.66325,0.269899,1.00902
7.35705,-0.0457387,1.03123
6.47207,-0.939265,1.078
6.92062,-0.498861,1.11072
6.3367,-1.09263,1.07582
7.73934,0.302257,1.03165
7.52243,0.077467,0.956472
6.72142,-0.725623,0.88868
6.20481,-1.24933,0.858336
5.5733,-1.88857,0.877784
8.00408,0.533252,0.925636
6.34789,-1.13929,0.936952
7.0845,-0.418982,0.89533
8.07529,0.567384,0.912837
6.7572,-0.768251,0.916729
5.86612,-1.67648,0.901003
6.72077,-0.838798,0.838889
5.37075,-2.20563,0.785052
6.64966,-0.943034,0.836734
7.79526,0.189717,0.856816
6.55325,-1.05556,0.83974
5.96765,-1.64566,0.845656
7.61155,-0.0145717,0.898037
7.16941,-0.467962,0.901384
6.2597,-1.37827,0.864992
6.72523,-0.926875,0.855792
7.69643,0.0426545,0.84284
6.98174,-0.686144,0.836283
5.82491,-1.85664,0.80828
6.29512,-1.37276,0.841013
8.76772,1.11245,0.910427
8.94208,1.29906,0.905666
6.43392,-1.2091,0.827
5.9943,-1.63455,0.813202
7.55539,-0.0734625,0.876569
7.33644,-0.292412,0.927051
7.04082,-0.588032,0.906097
7.40505,-0.223803,0.938907
7.70244,0.0735874,0.923117
7.27064,-0.344391,0.892008
7.21436,-0.400671,0.870857
8.93469,1.30987,0.892672
9.00881,1.38399,0.882028
7.94443,0.319606,0.893117
7.66231,0.0226498,0.861678
7.97688,0.33722,1.01925
6.66923,-0.98005,1.02647
8.13993,0.475754,0.938221
8.85844,1.19426,0.984851
8.25833,0.579705,0.995797
7.8752,0.184716,0.945553
8.33778,0.644602,0.935
8.34866,0.648892,0.907431
9.06662,1.35549,0.908423
8.38597,0.673486,0.849516
8.09574,0.385008,0.871591
7.92296,0.20074,0.868184
6.35925,-1.36317,0.87695
9.01538,1.30465,0.90222
6.80001,-0.911083,0.886175
7.93344,0.210099,0.914232
8.14625,0.435157,0.945376
6.73481,-0.976283,0.943069
9.3607,1.64802,0.998464
7.0819,-0.618769,1.08144
7.35893,-0.330718,1.04218
7.42534,-0.25104,0.947708
8.07577,0.412696,0.951312
8.95519,1.27881,1.02474
8.2345,0.552626,0.974921
10.3014,2.6329,0.950379
7.69338,0.0291677,0.898552
8.22444,0.556642,0.910405
8.02091,0.339772,0.946078
5.94327,-1.72505,0.91229
7.61286,-0.0417566,0.903814
7.67013,0.0277262,0.88828
7.74177,0.10615,0.936184
7.08174,-0.552989,1.013
7.9086,0.259559,1.10832
8.91649,1.25343,1.12378
7.04084,-0.636273,1.09885
8.81559,1.14055,1.07456
8.46297,0.775669,1.09533
8.14227,0.440615,1.09292
7.74332,0.0416651,1.05097
7.22318,-0.478475,0.969276
7.89027,0.197354,0.960336
8.47582,0.769083,0.958376
8.37317,0.666434,0.972378
8.73196,1.02522,0.97733
8.64034,0.933604,0.976235
7.80687,0.100134,0.951032
7.51775,-0.202494,0.975603
7.81465,0.0944066,1.02966
8.36855,0.657557,1.05462
8.15846,0.433891,1.00823
8.3575,0.636058,0.991797
8.70177,0.980328,0.978569
7.92501,0.203568,0.982131
8.96085,1.23941,0.96909
8.48141,0.766716,0.966542
8.77703,1.05404,0.984665
8.62769,0.904705,0.973714
7.54009,-0.182895,0.979442
7.494,-0.221175,0.963742
7.80556,0.0768104,0.9757
7.75271,0.0104942,0.982448
7.38558,-0.36946,0.970357
7.44406,-0.31098,0.931489
8.93008,1.16156,0.942185
10.3338,2.55102,0.96423
6.05736,-1.73516,0.916475
7.44056,-0.367438,0.916541
7.19741,-0.610588,0.931958
6.33788,-1.47012,0.908798
6.78442,-1.02642,0.935917
6.26356,-1.55547,0.942939
6.3629,-1.45064,0.930388
6.40667,-1.40687,0.949701
6.83011,-0.968306,0.927406
6.85267,-0.930099,0.8836
6.5474,-1.22929,0.869141
6.81793,-0.944789,0.882506
6.49488,-1.25379,0.884381
8.05839,0.323844,0.912214
9.1555,1.43543,0.913103
8.42276,0.70668,0.905941
7.87967,0.16359,0.881168
9.36238,1.6463,0.926705
7.81667,0.0866318,0.942227
7.52947,-0.200568,0.931683
7.66153,-0.0545497,0.886443
7.86901,0.15293,0.873271
7.54903,-0.16705,0.87724
6.7812,-0.948838,0.908941
9.16902,1.42486,0.969458
7.19676,-0.547404,0.955066
8.52856,0.784396,0.962224
8.33585,0.591686,0.918522
6.05046,-1.6937,0.88623
8.60156,0.84896,0.878326
7.55669,-0.195909,0.861915
7.47798,-0.274619,0.845934
6.90995,-0.854337,0.835947
6.96064,-0.798624,0.938436
8.12667,0.35837,0.94557
8.21439,0.441897,0.854913
6.67139,-1.08756,0.810792
7.73818,-0.0207725,0.837708
7.55887,-0.217945,0.862832
6.03847,-1.72048,0.935888
6.09585,-1.6631,1.15063
7.3462,-0.422977,1.63404
2.6204,-5.16088,1.87809
7.31267,-0.474204,1.58626
12.0029,4.21617,1.24477
9.15804,1.38964,1.26428
5.40585,-2.36255,1.46536
10.0208,2.26393,1.45039
8.08343,0.326558,1.1424
7.3304,-0.434741,0.894052
7.22909,-0.536051,0.805324
7.64645,-0.0988359,0.811283
8.12072,0.380242,0.816238
7.27139,-0.469088,0.813977
6.37278,-1.35112,0.800587
6.7739,-0.937721,0.794713
8.02962,0.335155,0.799719
7.38561,-0.308856,0.805068
5.79081,-1.91863,0.801935
6.95042,-0.776184,0.828728
7.4557,-0.267704,0.870378
7.20073,-0.531985,0.881103
6.054,-1.69972,0.810241
6.51069,-1.24303,0.773541
7.74274,-0.0109787,0.774104
6.61973,-1.15435,0.784989
7.69068,-0.083395,0.808201
7.94013,0.166055,0.820792
8.34339,0.549419,0.819807
7.9948,0.18363,0.827529
7.48352,-0.346946,0.80212
8.68653,0.841441,0.825508
8.34266,0.480412,0.87551
8.49175,0.612695,0.965798
9.09637,1.21598,0.942461
8.96013,1.07974,0.861531
8.13437,0.237602,0.796776
7.908,0.0264964,0.78978
7.81221,-0.0635505,0.812944
6.81203,-1.07172,0.79125
7.21494,-0.668806,0.780843
7.70491,-0.172305,0.772921
7.14161,-0.752937,0.79289
6.50404,-1.40751,0.790498
5.74534,-2.17525,0.783775
7.24541,-0.694718,0.800359
7.79675,-0.143378,0.820967
8.0975,0.157372,0.850265
8.65437,0.714242,0.873208
7.92956,0.00665665,0.864088
7.32223,-0.617898,0.807366
7.36996,-0.570168,0.791411
9.36417,1.40738,0.781861
9.5356,1.56221,0.808048
8.10408,0.114509,0.792782
9.40331,1.41342,0.793094
8.68208,0.704717,0.784086
8.67969,0.686009,0.795829
8.43451,0.426104,0.825849
8.48482,0.476414,0.905967
8.04678,0.0242357,0.918886
6.38079,-1.65691,0.789891
9.03707,0.992558,0.793099
7.64685,-0.390846,0.780793
6.69156,-1.34614,0.800084
8.19731,0.159615,0.876788
9.42974,1.38553,0.90502
8.10469,0.0604773,0.832582
9.06429,1.01509,0.798886
7.86848,-0.180718,0.771345
8.15154,0.102342,0.769543
8.04266,0.00494289,0.778933
7.51341,-0.524307,0.761411
9.06133,1.00718,0.776137
6.52379,-1.54798,0.782766
8.83099,0.748609,0.831887
8.42918,0.346799,0.869424
6.95056,-1.14937,0.848082
7.86977,-0.248121,0.813169
8.95661,0.835955,0.787036
7.62086,-0.511206,0.755006
7.4608,-0.688429,0.766235
8.60643,0.44323,0.808849
8.9972,0.818902,0.804565
8.06698,-0.12709,0.796566
7.72236,-0.467451,0.784286
8.99486,0.790537,0.793921
8.73422,0.514652,0.802516
8.49728,0.292957,0.794919
8.08729,-0.10399,0.778134
7.26615,-0.90902,0.754654
7.45701,-0.702386,0.759753
9.27019,1.1168,0.77421
7.99617,-0.171316,0.841982
7.93909,-0.236943,0.866403
8.51811,0.335554,0.764054
8.15015,-0.0379677,0.758135
7.68163,-0.520294,0.745387
7.17473,-1.04065,0.750462
8.10361,-0.117592,0.763626
7.93797,-0.290893,0.763991
8.30876,0.073926,0.761367
8.99406,0.752976,0.774203
7.5519,-0.682934,0.779049
8.62488,0.383797,0.782651
8.2081,-0.0415325,0.748362
8.60596,0.358027,0.749993
8.3974,0.156317,0.765889
7.59438,-0.653553,0.769782
8.44955,0.208489,0.765965
7.23301,-1.00023,0.74476
8.69822,0.472514,0.738767
8.9892,0.770414,0.756586
8.56217,0.343385,0.750544
8.6836,0.457894,0.774389
8.31165,0.0936441,0.766258
7.83368,-0.392026,0.76197
9.13405,0.901561,0.751023
8.7223,0.495016,0.74149
7.78877,-0.432816,0.743516
8.24461,0.0239897,0.752772
8.78091,0.560289,0.774224
7.2513,-0.964622,0.776933
8.20061,-0.0153122,0.78358
8.58505,0.369127,0.769547
8.52448,0.312823,0.770698
8.55813,0.346474,0.753652
7.74293,-0.461331,0.764753
7.51269,-0.691571,0.779049
7.25851,-0.949255,0.797973
7.81677,-0.377152,0.774257
8.92899,0.721225,0.781672
8.97582,0.768054,0.72928
7.56834,-0.625582,0.722028
8.86227,0.685334,0.730511
8.37645,0.203149,0.729647
8.00154,-0.171761,0.729443
8.20152,0.0348978,0.735084
8.33487,0.168248,0.72129
8.31617,0.151371,0.708801
8.36432,0.199521,0.712784
8.24541,0.0806112,0.73436
8.65133,0.501287,0.718147
8.61492,0.445978,0.704482
8.00591,-0.163032,0.685023
7.8112,-0.364719,0.663641
6.79233,-1.3977,0.641686
7.80863,-0.395913,0.655826
8.32043,0.118958,0.667112
8.19814,-0.00333214,0.679029
8.15591,-0.0455627,0.683666
8.17061,-0.0308619,0.705181
8.91465,0.713178,0.718347
7.81847,-0.370366,0.714501
7.49342,-0.695416,0.695243
7.08237,-1.10647,0.654505
6.37367,-1.83427,0.643517
7.1516,-1.05634,0.637557
7.08452,-1.12342,0.620972
7.34354,-0.845296,0.613422
7.24301,-0.928006,0.608591
7.0646,-1.09324,0.622049
7.5276,-0.613348,0.649625
8.19143,0.0504827,0.658538
6.95613,-1.18482,0.624155
6.60419,-1.52021,0.598572
7.00878,-1.11567,0.611244
6.61636,-1.50809,0.622922
6.13992,-1.98453,0.614681
7.31231,-0.793688,0.623147
6.72583,-1.35822,0.647411
8.26177,0.203653,0.669017
7.78199,-0.276127,0.686455
6.53802,-1.54603,0.689663
6.77814,-1.30591,0.659326
7.63158,-0.452471,0.631105
8.25808,0.190846,0.630223
7.7517,-0.315533,0.63089
8.18732,0.0989952,0.644839
8.13008,0.0460081,0.627574
7.58975,-0.491828,0.638132
8.70631,0.6322,0.676079
7.98783,-0.0652599,0.694788
7.08513,-0.95102,0.669582
6.848,-1.17751,0.645211
7.41714,-0.592956,0.656641
8.18854,0.178445,0.664455
8.28667,0.301196,0.6613
8.05448,0.058476,0.647672
7.758,-0.263365,0.659594
7.48058,-0.540785,0.689283
7.79324,-0.201665,0.724796
8.4254,0.430495,0.743845
8.33516,0.3397,0.745462
8.23171,0.237273,0.695382
8.67863,0.698356,0.68293
7.59913,-0.369066,0.664156
7.43752,-0.529457,0.677262
8.80334,0.836363,0.691501
8.42401,0.457033,0.687681
7.68355,-0.283427,0.687816
9.01762,1.05064,0.693442
8.80054,0.833563,0.687604
8.89079,0.923813,0.701474
9.59781,1.63083,0.741382
7.89426,-0.0727172,0.691976
7.98068,0.0137029,0.661493
8.05093,0.0839529,0.677341
7.58568,-0.381297,0.691604
7.90536,-0.0616169,0.694899
8.2651,0.284909,0.65677
7.0019,-0.965077,0.647892
8.29101,0.310819,0.661612
6.56136,-1.43321,0.643959
6.61917,-1.38646,0.634846
7.19877,-0.815424,0.647476
7.17352,-0.832108,0.662948
8.39955,0.39662,0.68225
6.82011,-1.16317,0.659591
7.47704,-0.506239,0.679915
7.96263,-0.020649,0.696534
8.24501,0.277948,0.705651
8.64401,0.676947,0.711357
8.16368,0.174096,0.690296
8.09359,0.0827475,0.691164
7.71739,-0.272194,0.701406
7.95015,-0.0385828,0.709849
8.02159,0.0328574,0.696486
7.94794,-0.0493417,0.675896
8.39699,0.379375,0.65766
6.61806,-1.39955,0.65241
8.30841,0.290795,0.666785
7.67824,-0.319042,0.686723
7.32195,-0.675332,0.655478
8.9855,0.988219,0.683444
8.60041,0.608296,0.702253
8.14936,0.171348,0.697449
7.53682,-0.441192,0.6613
7.9499,-0.0038619,0.676126
7.58767,-0.338853,0.688068
6.84411,-1.05297,0.709677
8.55336,0.644838,0.723939
9.12161,1.20779,0.713474
9.20353,1.28971,0.690422
7.86732,-0.0502105,0.696679
7.4028,-0.498554,0.66543
8.39263,0.504266,0.678564
8.16903,0.280667,0.66406
7.66343,-0.242644,0.705476
7.85914,-0.0594969,0.793453
7.98817,0.0494089,0.821476
8.30667,0.356684,0.768401
8.4552,0.516439,0.719276
7.71898,-0.24378,0.69865
8.50921,0.535382,0.719834
8.06109,0.112369,0.72967
7.42495,-0.511159,0.689142
7.75993,-0.16266,0.655261
8.22038,0.32059,0.649085
7.393,-0.52959,0.664598
7.60339,-0.306174,0.629726
8.0635,0.175421,0.594944
8.53268,0.670831,0.608918
8.04426,0.156181,0.622655
7.2261,-0.635749,0.69025
7.99685,0.108771,0.764464
8.5475,0.65942,0.805133
8.53974,0.714643,0.752305
8.38346,0.629044,0.689082
7.23983,-0.51342,0.650208
6.43803,-1.2517,0.647786
8.03159,0.393044,0.656002
6.80139,-0.819905,0.603807
6.88743,-0.727441,0.567868
7.2068,-0.408542,0.582439
7.52866,-0.093348,0.587493
8.06224,0.440232,0.575594
8.3416,0.733987,0.583637
8.40844,0.786432,0.601964
7.72277,0.0854378,0.624212
7.71125,0.089242,0.626496
8.01022,0.401182,0.597624
8.21178,0.589772,0.585016
8.46655,0.683923,0.598589
7.20645,-0.581278,0.628711
7.39671,-0.385917,0.672703
7.33887,-0.439492,0.705639
7.40258,-0.370673,0.671179
7.74085,-0.0272174,0.620661
7.13649,-0.627561,0.595603
7.14945,-0.609637,0.572874
8.08019,0.324918,0.626093
7.59844,-0.151785,0.854916
6.46037,-1.28473,1.90835
7.64833,-0.0931196,4.20138
11.2812,3.5451,6.10568
9.45751,1.7216,3.20362
8.69922,0.959558,1.08529
6.99605,-0.741796,0.737615
6.37024,-1.36381,0.732272
7.50528,-0.223089,0.731595
7.15461,-0.570099,0.625281
7.22233,-0.496473,0.563031
7.51779,-0.19482,0.563528
7.5699,-0.14271,0.596982
7.65363,-0.0589805,0.582498
7.66867,-0.0439401,0.561904
7.3255,-0.38711,0.564413
8.22035,0.50774,0.612381
8.80675,1.09414,0.649603
7.36226,-0.35035,0.657851
6.85646,-0.85615,0.600923
7.81863,0.10602,0.554435
7.19715,-0.51546,0.575091
8.43678,0.72417,0.65399
7.08878,-0.62383,0.693349
7.5819,-0.13071,0.651009
8.06384,0.35123,0.576945
6.6405,-1.07211,0.551397
6.20988,-1.50273,0.537697
7.23732,-0.47529,0.559032
7.32982,-0.388983,0.551361
7.94917,0.23656,0.554674
8.29001,0.576459,0.557831
7.3863,-0.336903,0.569672
6.8335,-0.889703,0.558698
8.95177,1.22986,0.583929
7.77109,0.0514669,0.609034
7.95715,0.23233,0.635194
8.19659,0.471771,0.634733
7.22447,-0.490685,0.595566
7.64385,-0.0707817,0.595277
7.19512,-0.516605,0.608885
7.75542,0.043695,0.637049
8.23502,0.513346,0.617577
7.62469,-0.106648,0.631488
7.24667,-0.494339,0.915445
8.13585,0.394841,1.50514
5.34003,-2.40098,1.78986
8.51698,0.776681,1.55105
8.85815,1.1128,0.883525
7.18896,-0.56598,0.61252
7.03354,-0.725585,0.550752
6.80986,-0.947773,0.535137
7.03752,-0.720113,0.550543
7.6027,-0.154056,0.576412
8.35274,0.598569,0.592934
8.15214,0.388739,0.604572
7.62632,-0.146224,0.618977
8.12522,0.361819,0.642843
5.89945,-1.85437,0.608509
7.51455,-0.246275,0.597696
8.10271,0.341884,0.595182
6.70896,-1.05118,0.581892
6.25222,-1.49826,0.578155
8.01837,0.267885,0.57407
7.651,-0.0912647,0.572472
7.44357,-0.291054,0.553171
7.86659,0.141409,0.703742
8.3744,0.649711,0.753551
8.186,0.470448,0.764645
7.41276,-0.292691,0.584311
8.21708,0.51147,0.576651
7.73961,0.0340004,0.564339
7.45796,-0.253097,0.569933
7.60349,-0.107567,0.555533
7.69067,-0.0203872,0.548649
7.55815,-0.159175,0.552638
6.61216,-1.10517,0.555399
7.63144,-0.0952702,0.553184
7.84745,0.111296,0.551731
7.34466,-0.391494,0.540944
7.58242,-0.153734,0.568329
8.12477,0.388616,0.581576
6.79494,-0.941214,0.550577
7.68488,-0.0512743,0.574696
8.21946,0.477238,0.608174
7.67357,-0.0686512,0.595586
6.91288,-0.829341,0.553489
6.79671,-0.945543,0.51942
8.35667,0.614417,0.529969
8.10598,0.354043,0.53373
8.31467,0.562733,0.540637
8.13876,0.379612,0.53987
7.32634,-0.442669,0.533137
7.92873,0.159721,0.536424
7.71696,-0.0520492,0.53385
7.56702,-0.201989,0.518835
7.4951,-0.284282,0.509179
7.5398,-0.241384,0.520356
7.24194,-0.544049,0.50269
6.39275,-1.3997,0.497027
7.38677,-0.41079,0.50453
7.43098,-0.373053,0.503446
7.11401,-0.696183,0.504447
7.15512,-0.659954,0.503786
7.55595,-0.265461,0.524189
7.83294,0.00639486,0.53775
7.50613,-0.326491,0.553098
7.61974,-0.218662,0.553045
7.46372,-0.379989,0.539354
7.21354,-0.636644,0.537628
7.25254,-0.602934,0.562938
7.28912,-0.572617,0.537627
6.9911,-0.871532,0.522508
6.85196,-1.01596,0.553348
7.68188,-0.192307,0.609338
7.37438,-0.501349,0.59655
6.36049,-1.51809,0.574994
7.48509,-0.393485,0.596643
6.01084,-1.87003,0.658504
7.28996,-0.590907,0.701636
7.82274,-0.0514622,0.643406
7.38153,-0.492672,0.562786
7.19931,-0.676867,0.532901
6.97076,-0.916882,0.537469
7.34309,-0.548055,0.550249
7.87958,-0.0115647,0.586165
7.88141,-0.00973463,0.632819
7.88355,-0.00759459,0.586378
7.60219,-0.300347,0.518298
6.47215,-1.43919,0.489635
7.80523,-0.0976496,0.50217
6.61835,-1.2951,0.487022
6.12831,-1.7964,0.489321
6.3988,-1.53697,0.502525
6.28502,-1.66218,0.502239
6.04015,-1.91006,0.522878
4.68923,-3.26098,0.585979
5.58929,-2.36092,0.692046
6.07738,-1.88439,0.691857
6.25749,-1.71614,0.580724
6.81913,-1.16035,0.545667
6.69869,-1.28659,0.607116
6.19668,-1.79417,0.628309
5.89545,-2.10124,0.563835
6.35864,-1.64337,0.520199
6.32871,-1.67938,0.50078
5.98949,-2.0237,0.518437
6.70628,-1.31191,0.546477
4.99857,-3.02587,0.549529
5.9673,-2.06027,0.536045
6.69017,-1.3425,0.533703
6.27178,-1.76543,0.521055
6.1641,-1.87761,0.553727
7.12385,-0.923707,0.582663
7.30755,-0.744499,0.565953
7.32823,-0.729095,0.535439
6.80797,-1.25362,0.529046
6.42593,-1.64558,0.539993
7.04994,-1.03186,0.622091
8.39001,0.302486,0.706218
8.71776,0.623509,0.690215
7.08576,-1.01867,0.633918
7.82154,-0.293077,0.565158
7.81916,-0.305613,0.534011
6.26912,-1.86275,0.51526
8.00426,-0.137554,0.543561
8.00548,-0.145626,0.570956
7.22979,-0.917999,0.599347
6.13896,-2.00457,0.597685
6.73171,-1.42121,0.564041
8.14576,-0.0169134,0.554588
7.0921,-1.0803,0.545725
7.69714,-0.484518,0.585296
7.95139,-0.221007,0.69628
7.23696,-0.935437,0.727272
7.05666,-1.125,0.664596
7.83433,-0.354386,0.591695
7.92791,-0.268203,0.566751
7.45842,-0.737693,0.583846
7.71187,-0.490539,0.726624
7.60616,-0.604425,0.769481
7.7646,-0.453937,0.700695
8.14061,-0.0723257,0.595492
7.1598,-1.05314,0.619357
6.44641,-1.76653,0.617721
7.86229,-0.350646,0.571532
8.37814,0.156981,0.552026
7.95228,-0.277099,0.541566
7.49115,-0.74314,0.61857
6.9126,-1.32965,0.69145
7.83748,-0.404773,0.672994
8.96965,0.719841,0.594793
8.2282,-0.0296021,0.553409
8.14048,-0.122462,0.552146
9.45883,1.18766,0.578419
8.92656,0.647406,0.571443
8.41267,0.12905,0.564633
7.9229,-0.363549,0.562904
9.04379,0.753038,0.590091
9.56305,1.26897,0.585151
8.33587,0.0405111,0.553237
7.89557,-0.400656,0.564105
8.25508,-0.0446939,0.593458
7.91684,-0.390488,0.579694
7.85166,-0.463371,0.534468
8.3103,-0.00779915,0.539422
8.16472,-0.161011,0.590627
6.7656,-1.56587,0.610842
7.2156,-1.12399,0.592117
8.48791,0.143343,0.545722
8.97135,0.618932,0.531837
7.92364,-0.436759,0.508933
7.00762,-1.35278,0.508222
8.22205,-0.146337,0.508275
7.42641,-0.941976,0.503181
7.65759,-0.710796,0.513636
7.18987,-1.17944,0.544796
6.57841,-1.7922,0.579515
6.85464,-1.51208,0.521869
7.25217,-1.11824,0.50879
7.54585,-0.83259,0.50722
8.04356,-0.34271,0.518166
7.75283,-0.641469,0.534237
7.28301,-1.11978,0.537354
7.3202,-1.08698,0.550796
7.79635,-0.615038,0.551304
9.53219,1.11644,0.558122
8.65325,0.237001,0.537125
8.32349,-0.101615,0.54205
9.30858,0.874385,0.532853
9.61679,1.18259,0.533602
8.24518,-0.197927,0.630687
8.72169,0.278583,0.628874
8.89001,0.437995,0.650213
8.64503,0.193015,0.522019
8.56134,0.109325,0.523666
8.71797,0.257123,0.547625
8.72854,0.267694,0.599087
8.82001,0.359163,0.600353
8.40731,-0.0513191,0.553959
8.8461,0.385899,0.523546
9.09756,0.629834,0.525971
8.42481,-0.051693,0.544168
8.1853,-0.300053,0.540137
8.40542,-0.0799322,0.529161
9.0852,0.591136,0.532746
8.76645,0.267676,0.511351
8.48006,-0.0220566,0.515443
9.00576,0.495327,0.516478
9.0951,0.584667,0.518227
8.84396,0.32515,0.519278
9.34874,0.82993,0.53069
9.6396,1.12224,0.528323
9.25927,0.73775,0.536463
8.80925,0.285256,0.555417
9.03604,0.508036,0.556256
9.07672,0.544663,0.537589
8.91483,0.383734,0.514208
8.60789,0.0728083,0.503216
8.53066,-0.00622749,0.498358
8.94654,0.413103,0.500212
9.22139,0.689084,0.505616
7.89843,-0.630133,0.48909
8.76509,0.239995,0.496786
8.59279,0.0652008,0.502897
7.71685,-0.810402,0.496609
7.87661,-0.647275,0.500467
8.39338,-0.126997,0.498989
7.75153,-0.770414,0.483745
7.36996,-1.15531,0.491715
7.79025,-0.733727,0.48528
8.65257,0.125232,0.510079
8.95667,0.426224,0.525027
8.2032,-0.324138,0.545109
8.52215,-0.00829601,0.548549
9.11126,0.577355,0.554919
9.02889,0.491572,0.543186
8.99428,0.456963,0.531547
9.07391,0.536592,0.510825
8.04562,-0.491697,0.505215
7.28648,-1.24743,0.553001
8.11847,-0.41232,0.580227
8.6328,0.105462,0.556253
8.46117,-0.062933,0.529283
8.56163,0.0340786,0.521972
9.20593,0.675139,0.527523
8.71442,0.186869,0.520488
9.32387,0.799767,0.533844
9.62654,1.10526,0.521355
9.67027,1.15052,0.536729
9.94462,1.42184,0.537005
9.86076,1.33458,0.526995
9.35845,0.829877,0.518048
9.03772,0.512039,0.509897
9.38435,0.86169,0.519576
9.27493,0.749249,0.516091
8.5696,0.0406313,0.504309
8.72839,0.202709,0.506669
8.48752,-0.0376492,0.518295
8.15907,-0.369336,0.525729
8.18563,-0.345611,0.522956
8.77076,0.242353,0.512422
9.33173,0.806561,0.522584
9.03569,0.507284,0.529282
8.94213,0.410522,0.540673
8.21633,-0.31812,0.561035
8.46787,-0.0698519,0.559847
9.43873,0.904281,0.542877
9.48004,0.948432,0.544375
8.0994,-0.43115,0.521254
8.14768,-0.38555,0.525669
8.7045,0.168212,0.506286
9.71135,1.17222,0.516651
9.45585,0.913591,0.514011
8.20793,-0.337358,0.515218
8.68873,0.143682,0.533149
8.32566,-0.216727,0.526948
8.07444,-0.470608,0.518697
8.14864,-0.394398,0.508069
8.5368,-0.00365734,0.512592
8.92946,0.392055,0.508709
8.80193,0.267238,0.523227
8.3566,-0.178729,0.524812
7.40181,-1.13084,0.499766
7.69462,-0.835413,0.502898
8.87557,0.342918,0.525918
9.30545,0.769886,0.543202
8.2777,-0.254951,0.538525
7.49302,-1.03701,0.518819
8.23422,-0.293073,0.500537
8.64623,0.121863,0.50221
8.43186,-0.0898523,0.513493
7.86032,-0.664046,0.534585
7.02796,-1.49641,0.54294
8.01193,-0.518103,0.534385
8.71679,0.186757,0.542148
8.87589,0.345857,0.547471
8.65125,0.116222,0.540836
8.45443,-0.0860968,0.507173
8.60058,0.0546122,0.504181
8.01253,-0.533438,0.522052
8.5374,-0.0139494,0.55285
8.9139,0.362551,0.536423
8.65519,0.0985832,0.508605
8.46995,-0.0866575,0.500604
8.88967,0.338321,0.514983
8.71767,0.170239,0.530604
8.44568,-0.101624,0.534522
8.48772,-0.0613947,0.572713
8.46093,-0.0869379,0.578771
8.1951,-0.347694,0.588227
8.17863,-0.364164,0.626587
8.29672,-0.246449,0.713072
8.82498,0.281811,0.739968
9.11738,0.574211,0.766699
9.35373,0.807076,0.844856
9.26495,0.715265,0.831373
8.41169,-0.137995,0.665072
9.52344,0.968793,0.557759
8.39743,-0.162126,0.563527
8.69995,0.136546,0.590749
8.98909,0.425686,0.580065
8.1082,-0.455204,0.564027
8.81827,0.254866,0.531944
7.91889,-0.645298,0.500479
7.89347,-0.670718,0.504889
8.23596,-0.330796,0.534362
8.26015,-0.311417,0.526482
8.10405,-0.472175,0.499478
8.3656,-0.21523,0.512649
9.08036,0.499531,0.531622
9.62509,1.04426,0.523082
8.84393,0.258638,0.537511
8.67594,0.0862398,0.645257
9.38207,0.787997,0.89149
8.47403,-0.124459,0.949145
9.38901,0.790522,0.768635
8.25041,-0.343662,0.657953
8.71493,0.124117,0.720709
8.84972,0.254488,0.778357
7.80267,-0.788143,0.688507
9.17225,0.585862,0.604895
7.93665,-0.654163,0.559828
9.09169,0.504248,0.579412
8.21654,-0.366493,0.582535
8.01355,-0.566253,0.591419
9.24097,0.663084,0.573357
6.77502,-1.79826,0.529962
8.25683,-0.311777,0.547811
7.21208,-1.35377,0.597537
8.32759,-0.24292,0.668087
9.49868,0.930102,0.665455
8.72252,0.154262,0.631522
9.41227,0.839436,0.604092
7.81818,-0.757448,0.583806
8.77965,0.199574,0.565372
8.52221,-0.0578651,0.558287
8.47391,-0.102324,0.620795
9.52051,0.94219,0.669006
8.29833,-0.275561,0.614116
8.71889,0.144999,0.561239
8.25354,-0.315831,0.536643
8.45784,-0.106977,0.515413
8.83582,0.272333,0.532569
8.64842,0.0849333,0.679507
8.96072,0.397233,0.782198
9.30995,0.746463,0.641022
8.50476,-0.0543547,0.538368
8.74248,0.183366,0.518452
8.63873,0.0780544,0.509268
7.71517,-0.843984,0.544491
8.48027,-0.0743389,0.681777
7.99893,-0.555679,0.78309
7.91767,-0.641484,0.699468
8.65516,0.0999832,0.566856
8.5118,-0.0428381,0.514522
7.54954,-1.00632,0.518529
8.24659,-0.309272,0.535191
8.59559,0.0353556,0.538212
8.71567,0.155436,0.53337
8.4631,-0.0971336,0.54821
8.88185,0.321616,0.581791
9.36437,0.807706,0.623909
8.12192,-0.434745,0.606871
9.49079,0.929794,0.588094
8.9149,0.350814,0.560951
8.9205,0.356414,0.5607
8.70271,0.142573,0.68025
7.7388,-0.821337,0.77659
8.33959,-0.220547,0.70736
7.49663,-1.06789,0.575502
8.17854,-0.390495,0.54896
8.34778,-0.225671,0.561358
8.28529,-0.289565,0.562447
9.0162,0.437013,0.562427
9.40332,0.821493,0.555916
8.1436,-0.438227,0.519226
7.99776,-0.584123,0.507182
8.38004,-0.201472,0.516579
8.44196,-0.139552,0.546535
8.9821,0.400587,0.57312
10.6214,2.04023,0.624332
8.67381,0.092638,0.574965
7.54204,-1.03913,0.522698
8.36516,-0.211564,0.551072
9.42772,0.855529,0.637455
9.19715,0.624959,0.719519
8.2722,-0.302467,0.708374
8.4986,-0.076067,0.593306
9.26708,0.688527,0.558895
9.07489,0.496337,0.549171
8.29118,-0.287374,0.51858
8.14426,-0.434293,0.519731
8.852,0.273447,0.545171
8.89213,0.318172,0.540926
8.89687,0.325111,0.521493
8.81884,0.244882,0.521462
8.05635,-0.519557,0.529745
7.39386,-1.17966,0.543894
8.47238,-0.0986881,0.55346
8.69946,0.125941,0.563494
8.96888,0.390703,0.574657
9.26131,0.682915,0.602186
9.3395,0.761106,0.576562
9.0754,0.497005,0.550454
8.54958,-0.03335,0.548193
8.33867,-0.24475,0.58929
8.99589,0.407881,0.598691
8.43044,-0.162113,0.57227
7.80305,-0.794126,0.535022
8.08947,-0.506366,0.540873
7.8396,-0.75172,0.518118
8.58614,-0.00518036,0.536042
8.08727,-0.50405,0.504528
8.15389,-0.43743,0.510401
8.85131,0.255672,0.505629
8.98415,0.392999,0.522524
8.32142,-0.267529,0.523768
7.95165,-0.639501,0.529247
8.2869,-0.30655,0.53536
7.92619,-0.67177,0.517504
8.16198,-0.432785,0.505947
8.84203,0.242616,0.510803
7.61686,-0.984946,0.513652
9.14582,0.540535,0.540618
8.33491,-0.270374,0.525825
8.01663,-0.585796,0.51761
8.67281,0.0703831,0.525489
8.99225,0.388224,0.546297
8.80401,0.198342,0.586109
8.02196,-0.582125,0.574387
9.22091,0.612043,0.562621
9.54041,0.927674,0.556011
8.73055,0.117814,0.537453
8.06193,-0.552659,0.518125
7.80893,-0.810794,0.500266
8.48375,-0.135974,0.504339
8.40511,-0.215435,0.516925
8.512,-0.113936,0.519182
8.64086,0.015193,0.521687
8.38186,-0.243807,0.523886
8.32622,-0.302221,0.537839
8.42729,-0.20389,0.546577
8.34657,-0.287589,0.533927
8.36333,-0.270829,0.52238
8.61096,-0.0231991,0.517389
8.58618,-0.0479794,0.520437
7.97133,-0.662829,0.510012
8.78658,0.149953,0.52105
9.03769,0.403999,0.53374
9.05088,0.414337,0.548268
8.76421,0.131702,0.558723
8.19326,-0.439247,0.538795
8.14599,-0.492412,0.538246
8.47356,-0.164842,0.546669
8.34388,-0.300329,0.536762
8.58199,-0.0652819,0.514456
8.71739,0.0671968,0.526182
8.87676,0.220538,0.532197
9.836,1.17634,0.543966
7.91624,-0.74933,0.500992
8.44088,-0.22469,0.50554
8.89585,0.236192,0.497498
8.84116,0.18669,0.510116
9.09148,0.434299,0.517904
8.91166,0.255014,0.522889
8.4482,-0.205389,0.513573
7.45146,-1.19941,0.50763
8.06975,-0.58112,0.513651
8.8564,0.207593,0.536267
8.34364,-0.305166,0.523692
8.31041,-0.344172,0.513846
9.10986,0.455278,0.508919
8.52003,-0.137228,0.493096
8.3601,-0.294482,0.485672
8.39584,-0.263716,0.512554
8.13179,-0.533474,0.520182
8.40593,-0.253626,0.506937
7.44175,-1.21781,0.485426
8.55418,-0.111084,0.513112
9.16125,0.490233,0.54007
8.60283,-0.0739508,0.514279
8.69679,0.020009,0.502328
10.0849,1.40604,0.514824
8.61306,-0.0600271,0.493268
8.93335,0.260262,0.495866
8.84815,0.173985,0.505851
8.49022,-0.18923,0.514107
8.60305,-0.0793905,0.527582
8.12025,-0.5592,0.518019
8.8446,0.162159,0.510372
8.23073,-0.451048,0.4983
8.15087,-0.53377,0.486148
8.62608,-0.0616789,0.494785
8.76451,0.079751,0.496705
8.90269,0.21727,0.500814
8.97928,0.29677,0.505083
8.24653,-0.43288,0.492701
8.80541,0.1229,0.505277
9.11572,0.434491,0.511536
7.9106,-0.771415,0.49539
7.72574,-0.959484,0.485526
9.2607,0.572553,0.627184
9.04772,0.35627,0.639434
8.46532,-0.228967,0.498248
8.561,-0.13686,0.511173
8.51309,-0.190906,0.516719
7.59524,-1.11353,0.507758
8.84059,0.13182,0.504913
8.17089,-0.542628,0.502332
8.06903,-0.647096,0.517821
8.25403,-0.462095,0.537756
8.18151,-0.528704,0.532368
9.3654,0.655187,0.523436
8.69749,-0.0186357,0.508521
9.70772,0.991594,0.520534
8.91369,0.197564,0.518321
8.47148,-0.244645,0.528308
9.82351,1.11003,0.544145
8.97704,0.266171,0.5494
9.14589,0.431977,0.540744
9.13755,0.41793,0.523476
9.17454,0.448833,0.514929
9.50766,0.781647,0.522198
9.66399,0.931815,0.525506
9.23788,0.505705,0.532227
9.79235,1.06017,0.545024
8.92787,0.18968,0.52574
8.69587,-0.0483017,0.514547
9.44647,0.701208,0.525072
9.67869,0.93289,0.543885
8.69725,-0.0427761,0.534385
8.76074,0.0238972,0.511409
9.06675,0.331638,0.503889
8.00074,-0.734371,0.499289
7.78054,-0.954571,0.510434
9.33106,0.595949,0.538687
9.45661,0.727395,0.5566
9.30926,0.574149,0.564254
8.75798,0.0228691,0.55701
8.04007,-0.689145,0.520574
7.97876,-0.750455,0.526907
8.91618,0.181068,0.565568
9.59084,0.849892,0.620408
8.04618,-0.689675,0.626816
9.39221,0.656355,0.818998
8.75794,0.0220852,1.10911
9.13608,0.404824,1.1133
11.1341,2.40174,0.985851
7.9536,-0.784439,0.994791
9.82507,1.08691,0.951561
9.1715,0.435478,0.768783
8.82779,0.0955858,0.649806
9.22326,0.496821,0.711097
8.92973,0.20901,0.75101
8.71321,-0.00751019,0.681909
8.99565,0.269212,0.60747
8.94076,0.213976,0.587499
8.89142,0.170314,0.557762
8.74242,0.0213137,0.542048
8.38168,-0.339427,0.53365
8.46409,-0.257016,0.55378
9.37965,0.655255,0.571488
7.91482,-0.812434,0.588507
8.11424,-0.615754,0.59997
8.71254,-0.0231428,0.594858
8.26714,-0.469299,0.652442
9.34194,0.6055,1.11349
7.96423,-0.77221,1.57361
9.83733,1.10089,1.13276
9.42692,0.687788,0.700829
8.33511,-0.407587,0.663322
8.97556,0.227287,0.935016
7.93048,-0.813232,0.909444
8.66243,-0.0812826,0.72874
7.42788,-1.3102,0.560338
8.55388,-0.184199,0.587058
10.0708,1.33272,0.600185
9.13069,0.394124,0.588287
8.55889,-0.177675,0.630865
8.51038,-0.225886,0.666812
9.28171,0.545444,0.630107
9.17071,0.440204,0.570435
9.0672,0.336694,0.640367
9.71624,0.982698,0.847704
9.5485,0.814346,0.863183
9.35895,0.621136,0.67327
9.17268,0.434866,0.587353
9.1041,0.366286,0.592015
8.42261,-0.315204,0.596375
8.12884,-0.611006,0.751812
10.1491,1.40647,1.1383
9.04628,0.297892,1.12659
9.64217,0.888234,0.968086
9.60755,0.853614,0.704025
9.31082,0.551143,0.638844
9.6371,0.87175,0.585124
8.84312,0.0736179,0.595821
8.61669,-0.158485,0.691088
9.39926,0.62167,0.817776
9.02391,0.24632,0.831729
8.44606,-0.33153,0.709832
8.83962,0.0591812,0.613826
8.84254,0.0564127,0.586362
8.99942,0.207574,0.604456
9.04978,0.252099,0.905328
6.64173,-2.15874,1.54768
7.59404,-1.21044,1.36988
11.7816,2.97538,0.852549
8.6911,-0.116113,0.623068
9.1477,0.340487,0.597186
9.08697,0.279757,0.574624
8.24553,-0.561683,0.554949
8.53719,-0.270661,0.560123
9.61939,0.809859,0.572484
8.62668,-0.18285,0.599877
7.928,-0.879053,0.778685
8.32568,-0.487026,0.903866
8.41006,-0.408185,0.806656
8.59729,-0.226023,0.6284
9.15236,0.332706,0.580872
8.99079,0.165964,0.59066
9.94803,1.11845,0.896473
8.18779,-0.637036,1.37793
7.54976,-1.27507,1.02947
8.78821,-0.0413666,0.670179
9.46014,0.625753,0.578605
8.34328,-0.496064,0.568237
8.27694,-0.562404,0.551994
8.91461,0.0700932,0.548498
8.88761,0.0378675,0.55062
8.91517,0.068964,0.555578
9.43435,0.582922,0.583045
8.9301,0.0786724,0.602216
8.04038,-0.811049,0.608012
8.43532,-0.416108,0.677928
9.08546,0.238482,0.752548
8.82344,-0.0259428,0.737894
7.75633,-1.09829,0.608611
7.1183,-1.74131,0.511898
7.17869,-1.68092,0.524343
7.88105,-0.977493,0.699031
7.55461,-1.30895,0.969777
7.34944,-1.51914,0.924409
7.6903,-1.1831,0.637319
6.34466,-2.53299,0.507247
6.04267,-2.83287,0.492466
7.32857,-1.54725,0.514379
6.97154,-1.90905,0.53808
6.80058,-2.0836,0.527434
7.98657,-0.89761,0.537575
7.20327,-1.68091,0.540474
7.84973,-1.03904,0.554187
8.20611,-0.67807,0.556978
8.69557,-0.183832,0.552762
9.06162,0.178699,0.536752
8.93326,0.0503397,0.53238
8.79501,-0.0924263,0.550984
8.429,-0.462992,0.601767
10.1679,1.27747,0.662935
9.23978,0.349348,0.618103
7.5298,-1.36495,0.557341
8.20962,-0.685129,0.566213
8.92918,0.0336237,0.666974
9.38383,0.492778,0.718399
9.2296,0.334044,0.629444
9.83059,0.935034,0.572859
9.29584,0.398412,0.554112
7.51275,-1.38468,0.544429
8.57261,-0.324819,0.537748
9.47747,0.581573,0.53936
9.87895,0.985602,0.550173
9.09571,0.204661,0.545636
8.5751,-0.313437,0.52799
9.0546,0.168196,0.542603
8.93658,0.0523176,0.568629
9.61902,0.734758,0.598689
9.74633,0.864472,0.601568
9.0509,0.167719,0.603016
8.63977,-0.248073,0.613197
8.61464,-0.268541,0.618502
7.80827,-1.07491,0.602209
8.72273,-0.165112,0.6099
8.48138,-0.406408,0.688894
7.61216,-1.27094,0.723842
8.06519,-0.817906,0.659005
9.24526,0.362164,0.605361
8.3345,-0.543635,0.629725
9.01292,0.139857,0.703908
8.31291,-0.554896,0.725476
8.32247,-0.54464,0.744682
8.90713,0.0376425,0.691706
9.04648,0.174109,0.592999
9.26951,0.398525,0.55916
8.25275,-0.612834,0.566452
9.06085,0.195266,0.579812
8.94609,0.0805054,0.576976
8.28602,-0.579564,0.574561
8.63367,-0.232427,0.555478
8.88295,0.0145254,0.555401
8.59258,-0.273466,0.53279
8.57987,-0.288554,0.526556
8.68904,-0.179384,0.511277
8.53504,-0.331181,0.522961
8.53244,-0.328451,0.557789
9.42646,0.570159,0.582835
9.25305,0.396908,0.56203
8.60029,-0.250095,0.536205
8.42616,-0.418873,0.514657
8.50642,-0.334081,0.540635
8.26519,-0.573833,0.576616
8.03537,-0.803653,0.608589
8.75634,-0.0826826,0.844055
7.5941,-1.23837,1.09002
7.87564,-0.963383,1.05805
9.29596,0.45054,0.783751
9.7843,0.936274,0.723469
9.49415,0.643398,0.776193
8.16976,-0.684684,0.680983
8.44305,-0.414015,0.548449
8.7353,-0.118093,0.52274
8.78627,-0.0608015,0.573961
8.91974,0.0726681,0.604536
8.42614,-0.414723,0.608785
8.33007,-0.507931,0.55344
8.39266,-0.444904,0.510037
8.08126,-0.756305,0.513011
7.77495,-1.06261,0.537159
8.14556,-0.685182,0.539504
8.97426,0.15045,0.52028
8.78814,-0.0356703,0.525625
8.43796,-0.388932,0.581574
8.57014,-0.253671,0.639412
8.98841,0.167795,0.637841
9.06303,0.249409,0.589151
8.61856,-0.195062,0.535396
8.78669,-0.0199194,0.523613
8.29792,-0.501704,0.552679
8.26164,-0.53123,0.588592
8.21544,-0.570835,0.648838
8.0921,-0.694175,0.843529
9.43786,0.651585,1.2191
9.59838,0.809032,0.890472
8.8943,0.10176,0.618724
8.57533,-0.220727,0.554841
9.02105,0.231703,0.574502
9.39719,0.614492,0.571815
8.82309,0.0468998,0.590603
9.16079,0.386212,0.659342
9.02779,0.250175,0.706584
8.97093,0.193316,0.677676
9.3711,0.593486,0.596351
9.71505,0.9339,0.573559
9.42071,0.641048,0.584728
9.6167,0.838272,0.715691
8.99401,0.222513,1.13814
8.77399,0.00927353,1.58096
8.83886,0.0776987,1.57477
8.81011,0.0489492,1.34873
9.32533,0.567544,1.37563
8.9586,0.199666,1.54511
8.54209,-0.216844,1.39518
8.61411,-0.137937,1.21896
9.27542,0.523374,1.06657
10.0131,1.25758,0.999161
9.82373,1.06821,0.933516
8.78035,0.0221682,0.851992
8.99535,0.237168,0.76273
9.63051,0.868672,0.718668
8.93104,0.16584,0.71218
7.85466,-0.913898,0.763737
9.64376,0.875202,0.838317
10.3183,1.55384,0.949034
8.51966,-0.244801,1.15098
8.41753,-0.347199,1.15197
9.31749,0.556086,0.97038
9.536,0.773306,0.833304
10.3876,1.632,0.822813
8.2725,-0.483099,0.759349
9.3516,0.596001,0.772207
9.27036,0.52155,0.769458
8.78676,0.0442514,0.69952
9.32687,0.587447,0.714723
7.77496,-0.960648,0.743717
9.5026,0.770786,0.749995
8.52556,-0.210048,0.737641
8.59814,-0.140846,0.718041
9.36025,0.624642,0.729335
8.97524,0.241424,0.726235
9.33082,0.600839,0.636056
8.65571,-0.0781059,0.592756
8.78792,0.0501595,0.670174
9.12291,0.385149,0.778959
9.13813,0.40037,0.747308
9.01367,0.272076,0.661411
8.98971,0.251949,0.619919
8.79109,0.0571671,0.605945
9.03825,0.308269,0.613013
9.18989,0.46373,0.587891
9.52392,0.801486,0.58667
9.60316,0.881763,0.567677
8.29842,-0.419343,0.562655
9.4258,0.708037,0.584363
8.34546,-0.371941,0.551382
8.49273,-0.221114,0.610307
8.92885,0.218558,0.631378
8.25033,-0.458314,0.659282
9.46359,0.762257,0.641648
9.2634,0.567513,0.622727
8.07347,-0.62606,0.622738
8.64652,-0.0491924,0.607341
8.98674,0.294668,0.584063
7.92765,-0.768062,0.587371
8.80352,0.107808,0.698991
8.10725,-0.58358,0.717454
11.5539,2.87025,0.652004
12.2408,3.56444,0.642507
9.64618,0.97476,0.572815
8.35271,-0.315182,0.543113
9.22953,0.561639,0.663796
8.36666,-0.30662,1.03735
9.3271,0.660963,1.26807
9.48086,0.821892,1.15482
9.19829,0.539322,1.1484
9.64125,0.979292,1.10849
9.12684,0.468223,0.797599
9.31194,0.656613,0.852859
8.87276,0.221385,0.904957
9.36231,0.710936,0.873644
9.18834,0.544165,0.870431
7.85475,-0.792767,0.677523
9.04732,0.403268,0.602968
9.95252,1.30092,0.618227
8.32634,-0.319681,0.621523
8.17745,-0.475452,0.622516
8.72239,0.0616264,0.57672
7.92832,-0.732444,0.554009
7.83512,-0.825644,0.565507
8.12011,-0.548688,0.56587
8.05804,-0.610758,0.628232
8.15255,-0.522556,0.647806
8.1285,-0.554419,0.980967
7.82295,-0.856337,1.77381
8.09549,-0.579616,1.39041
8.48793,-0.183622,0.804247
7.99398,-0.681766,0.636401
7.46992,-1.20583,0.691493
7.85566,-0.820086,0.934845
8.86451,0.181319,1.11527
8.98716,0.301361,0.768869
8.20117,-0.482663,0.582429
9.08441,0.401948,0.580443
8.99752,0.316128,0.599545
8.09319,-0.586901,0.650822
7.96028,-0.71885,0.735513
8.16422,-0.513556,0.77228
8.70493,0.0271549,0.747822
8.59071,-0.0792046,0.695055
7.8719,-0.794806,0.755256
7.82,-0.854784,0.885414
8.6656,-0.0162516,0.762513
8.60974,-0.0804949,0.598131
8.18391,-0.506325,0.577618
8.39461,-0.293222,0.609203
9.31749,0.629657,0.632572
9.07084,0.382364,0.775816
7.65443,-1.02838,1.49944
8.49623,-0.179266,1.63552
9.67765,1.01001,0.928401
9.46141,0.793774,0.595189
7.44464,-1.223,0.568642
6.60361,-2.05796,0.581757
8.211,-0.443364,0.584052
8.46609,-0.180095,0.687359
7.25743,-1.39693,0.95364
7.26987,-1.39277,0.911361
7.74731,-0.923546,0.720501
7.8592,-0.819799,0.626302
7.52948,-1.15765,0.598168
7.2698,-1.42518,0.635683
8.35517,-0.331959,0.878828
6.48832,-2.19224,1.31786
6.73877,-1.94552,1.4936
8.07742,-0.609553,1.1227
7.95956,-0.719284,0.648929
9.01398,0.335609,0.675694
7.97769,-0.705459,0.701017
7.5536,-1.13114,0.575236
8.17966,-0.513377,0.566162
8.07339,-0.627941,0.589053
6.98166,-1.72396,0.607577
7.62527,-1.0761,0.711905
8.98667,0.281065,1.01521
10.6432,1.9376,1.02908
10.22,1.52236,0.735871
8.05634,-0.639154,0.580108
6.84346,-1.84996,0.604033
7.68722,-1.0062,0.731613
5.66985,-3.02542,1.10382
7.12717,-1.56001,1.78627
9.34083,0.661867,1.34278
9.38361,0.704647,0.974204
7.70038,-0.978583,1.0673
7.09498,-1.57583,1.15131
8.70513,0.0425396,0.970307
8.11497,-0.539602,0.68859
6.54186,-2.10468,0.668731
6.87499,-1.76468,0.883428
8.35577,-0.281127,1.35765
7.09633,-1.53287,1.16617
8.62951,0.0086298,0.968589
9.59011,0.977335,0.670019
8.36651,-0.251213,0.656661
7.03262,-1.5867,0.790982
7.81066,-0.800639,0.845928
9.43198,0.828671,0.833614
8.76258,0.167285,0.763134
8.2672,-0.32006,0.693384
8.39852,-0.180492,0.772896
8.23747,-0.333303,1.01283
8.29796,-0.264518,1.18307
10.0917,1.52546,0.903548
8.72841,0.170411,0.702864
9.3423,0.79233,0.672186
8.7782,0.231503,0.652949
8.01075,-0.542713,0.626523
8.85275,0.299287,0.617853
8.33245,-0.21287,0.606115
8.08805,-0.45727,0.615074
7.8363,-0.717163,0.627592
8.03395,-0.519513,0.611121
7.62451,-0.928953,0.908224
6.53783,-2.01563,1.83595
7.74492,-0.808543,2.09476
11.0837,2.52208,1.48932
8.6974,0.135784,0.869109
7.5494,-1.01712,1.12656
8.46212,-0.107926,1.26669
8.22829,-0.333414,0.872393
8.31073,-0.250974,0.673606
9.28254,0.729233,0.686104
9.99268,1.43702,0.827393
8.6634,0.107744,1.08648
8.12244,-0.433215,1.04473
9.03905,0.483395,0.743763
6.70612,-1.84514,0.619554
7.87051,-0.676315,0.63835
8.4053,-0.137498,0.653465
8.08807,-0.450243,0.64411
8.35314,-0.181056,0.631679
8.68629,0.156731,0.663158
7.04459,-1.48024,0.783294
7.73016,-0.799399,0.944717
8.72506,0.200228,0.869818
8.27472,-0.254449,0.659851
7.97598,-0.553948,0.596877
8.83236,0.307251,0.600957
8.45373,-0.0761986,0.595595
8.17934,-0.345769,0.649332
9.71644,1.19566,0.959942
7.89084,-0.634269,1.56479
6.86945,-1.65302,1.6512
9.64469,1.12658,1.06488
8.42398,-0.0984888,0.747542
8.634,0.115891,0.652117
8.43156,-0.090909,0.620686
8.05071,-0.467134,0.662189
8.60096,0.0874701,0.804872
9.11622,0.607508,1.41169
7.65304,-0.859536,1.52142
10.0444,1.53662,1.08905
7.99864,-0.50914,0.601352
8.2604,-0.24738,0.628404
9.88949,1.38171,0.665809
8.73057,0.22279,0.671619
7.62555,-0.88223,1.11452
4.94795,-3.55983,2.21395
10.3862,1.88336,1.79206
10.9845,2.48673,0.880895
8.21153,-0.281137,0.66518
9.05657,0.568913,0.634236
8.36725,-0.125417,0.624938
8.91749,0.429759,0.622298
7.97412,-0.508599,0.604366
9.28683,0.800474,0.628328
9.66429,1.17297,0.64107
7.26417,-1.22715,0.737994
9.27375,0.779897,0.943077
10.3833,1.88435,1.02449
8.98662,0.483189,0.863775
8.77545,0.266865,0.703981
9.48573,0.96759,0.700195
8.23071,-0.291853,0.756619
5.62681,-2.89877,1.17403
8.07779,-0.450948,1.43409
8.80816,0.273909,1.16097
9.03337,0.489818,0.869861
9.44946,0.90196,0.795686
9.21624,0.666359,0.752672
8.76141,0.220224,0.692721
8.75643,0.215244,0.659594
8.5254,-0.0157852,0.642644
8.52748,-0.0137053,0.674105
8.62525,0.0840645,0.617184
8.43328,-0.116601,0.607655
8.4291,-0.120781,0.611754
9.27452,0.715519,0.653002
7.43977,-1.12051,0.749742
7.68193,-0.873002,0.803245
9.05066,0.495728,0.768306
8.98511,0.420919,0.681467
9.85067,1.28414,0.658454
8.38238,-0.183146,0.745068
8.5546,-0.0156965,0.99994
8.8815,0.307117,0.99745
8.67016,0.100565,0.768876
8.58659,0.0219812,0.681704
8.49463,-0.0699787,0.656254
8.01572,-0.548888,0.626106
8.21237,-0.352239,0.633783
8.15226,-0.412349,0.644158
8.08347,-0.490912,0.649773
8.39813,-0.184939,0.651431
8.25066,-0.33241,0.619269
8.84046,0.250132,0.618487
9.26161,0.661708,0.633864
9.24628,0.645167,0.654807
9.27232,0.671207,0.642467
9.54016,0.939048,0.63886
9.23658,0.630124,0.638626
7.91939,-0.687066,0.672461
8.05406,-0.552396,0.678926
8.64894,0.0424843,0.669095
8.7017,0.0952444,0.625132
8.44896,-0.156735,0.704169
8.82955,0.223854,0.874609
9.92325,1.31948,0.858276
9.41001,0.806235,0.654967
9.10851,0.495419,0.620017
9.26153,0.639372,0.661399
8.70316,0.0769968,0.672407
7.87394,-0.757482,0.655727
9.23172,0.596258,0.655841
9.12969,0.502047,0.626023
8.20231,-0.416286,0.604694
8.07049,-0.53925,0.616576
8.81142,0.198868,0.642478
8.98615,0.373597,0.65149
9.15746,0.544908,0.63128
8.50507,-0.107483,0.618441
8.37069,-0.241862,0.618217
8.92753,0.316858,0.617692
9.0711,0.465204,0.636071
8.26075,-0.349922,0.637385
8.1017,-0.504196,0.66035
8.25333,-0.352566,0.683528
8.13795,-0.472722,0.652192
8.34725,-0.267318,0.636744
8.69072,0.0715837,0.668501
7.56883,-1.05031,0.683106
7.88144,-0.737696,0.659425
8.3869,-0.232236,0.644574
8.7944,0.179832,0.66657
8.69535,0.0762138,0.660871
8.25696,-0.366936,0.631987
8.3175,-0.306396,0.605979
6.63285,-1.98629,0.582482
7.43129,-1.18435,0.619417
7.61178,-1.00774,0.612199
7.12595,-1.49358,0.6291
7.84899,-0.770535,0.642212
8.54705,-0.0724745,0.666516
8.06995,-0.545687,0.646701
7.72033,-0.892488,0.628517
7.80573,-0.802451,0.636186
8.93729,0.33336,0.666671
9.67252,1.06432,0.677374
7.40008,-1.20385,0.710257
9.99569,1.38711,0.79945
9.46074,0.847904,0.770609
8.76851,0.150832,0.742163
9.41776,0.800082,0.754078
9.81868,1.19745,0.772663
9.71211,1.08655,0.782119
9.9454,1.32417,0.808624
8.77893,0.162504,0.754826
9.12827,0.516539,0.71489
9.12903,0.521479,0.708808
7.67819,-0.924853,0.705202
9.24129,0.633739,0.713456
7.38897,-1.22746,0.672209
8.97034,0.353914,0.693829
9.42541,0.816984,0.699157
8.80514,0.201212,0.708255
9.78643,1.17834,0.704423
9.69048,1.08655,0.675009
7.38154,-1.22689,0.62774
8.95359,0.336419,0.646153
9.00862,0.391449,0.666956
8.33786,-0.28256,0.678419
9.71544,1.08599,0.690465
8.95956,0.336436,0.711302
7.35274,-1.27038,0.748817
8.02433,-0.59412,0.741645
7.8026,-0.81758,0.689061
7.78521,-0.83497,0.69334
9.17146,0.55128,0.695798
8.15456,-0.456672,0.720189
8.80514,0.18556,0.731621
8.39671,-0.232041,0.697193
8.15086,-0.474196,0.668404
8.31418,-0.308322,0.66664
7.92227,-0.695685,0.671586
7.25231,-1.36313,0.66387
7.93609,-0.679347,0.661588
7.68643,-0.932957,0.65771
7.41519,-1.2042,0.643058
8.13796,-0.481426,0.651226
8.8089,0.193705,0.661754
7.65017,-0.960443,0.68488
8.60463,-0.0150871,0.716413
8.19531,-0.416349,0.698221
8.38015,-0.232727,0.67416
8.53288,-0.088851,0.652012
7.81946,-0.798052,0.645069
9.06087,0.441583,0.69001
9.62715,1.00339,0.739514
8.18886,-0.436882,0.812257
9.08118,0.459549,1.01755
10.9175,2.30452,1.34258
9.84895,1.23597,1.2934
7.66132,-0.943131,1.13229
9.01243,0.402227,1.12428
8.35749,-0.252713,1.44725
8.67203,0.0533934,1.50341
9.77808,1.16475,1.03426
9.12019,0.506857,0.839717
8.37848,-0.242923,1.0497
11.6743,3.0529,1.59989
9.75231,1.13091,1.75534
8.28377,-0.332708,1.39915
8.95825,0.349366,0.940151
8.97957,0.379085,0.807924
8.65241,0.0479431,0.763068
8.66443,0.0639439,0.862341
9.70007,1.10348,1.18232
9.51098,0.918629,1.0981
8.73575,0.151441,0.945748
8.65232,0.0761023,0.850437
8.03675,-0.531146,0.735987
8.95304,0.393098,0.715801
8.25255,-0.299481,0.688838
9.13317,0.577972,0.694573
10.3776,1.82567,0.716619
9.1249,0.57862,0.706166
8.02882,-0.524495,0.726069
10.1291,1.56855,0.773104
9.30666,0.746114,0.74149
7.59213,-0.968416,0.690253
7.95851,-0.606763,0.697981
9.64544,1.08489,0.824954
9.13762,0.585484,1.35384
9.28534,0.737876,2.47588
13.8609,5.30522,2.50457
12.0758,3.51593,1.97308
8.4451,-0.11368,0.94612
9.66196,1.10438,1.07844
6.98546,-1.57569,1.65961
9.57895,1.0205,1.48997
9.46089,0.902439,0.971822
9.15038,0.591929,0.92435
9.57072,1.00759,0.9016
8.74008,0.172651,0.885389
7.48206,-1.0894,1.08396
10.0635,1.48746,1.0144
9.54897,0.972927,0.784018
8.42272,-0.153323,0.693705
7.87369,-0.698552,0.691304
7.50565,-1.06659,0.713631
8.60826,0.0360184,0.746695
8.27731,-0.294931,0.803629
8.36951,-0.211607,0.981501
8.65749,0.0763731,1.34206
8.78446,0.209436,1.3737
8.52291,-0.0539093,0.924382
7.74754,-0.82764,0.728262
8.69753,0.131843,0.711521
8.35201,-0.204398,0.702595
8.91535,0.368346,0.737633
9.61482,1.06782,0.830948
8.13089,-0.416114,1.62771
6.38415,-2.15479,2.68743
8.94043,0.391998,2.3336
8.46896,-0.0794716,1.29183
7.51865,-1.02978,0.927669
8.0552,-0.502728,0.853032
8.51909,-0.0480452,0.817006
7.49911,-1.06802,0.810018
8.33513,-0.222725,1.06195
7.75897,-0.790491,1.77566
8.28323,-0.263569,1.82
8.49195,-0.0576143,1.04148
7.33451,-1.21505,0.795353
9.14809,0.598526,0.795406
8.34318,-0.215592,0.773212
8.3464,-0.212372,0.800641
8.92708,0.365169,1.3711
11.8511,3.28031,2.52544
14.4183,5.84751,2.72581
8.20064,-0.363081,1.27333
8.71557,0.15185,0.835801
9.41923,0.85551,0.762755
9.13327,0.560432,0.727518
8.62144,0.0486021,0.732174
7.73909,-0.826379,0.733739
6.62608,-1.94857,0.803613
8.71896,0.14431,0.925189
8.35625,-0.227825,1.0459
8.30319,-0.290298,1.35864
8.19959,-0.403352,1.44941
7.62347,-0.988819,1.03841
10.2452,1.63291,0.78239
7.60432,-1.01446,0.767609
8.51389,-0.114989,0.856998
9.04386,0.41007,1.14816
7.10185,-1.53707,2.04925
5.99553,-2.63826,2.21833
8.29599,-0.332576,1.23155
8.50314,-0.13065,1.02726
9.95779,1.32922,0.983674
9.40639,0.782726,0.79797
7.95843,-0.661702,0.829004
8.56757,-0.0474138,0.793251
8.89696,0.286892,0.756781
7.32312,-1.28204,0.707895
7.4317,-1.16344,0.696777
8.1832,-0.402437,0.713297
8.30046,-0.275059,0.778032
8.26709,-0.308429,0.883494
9.1124,0.526763,1.12982
8.79596,0.210323,1.18154
9.26814,0.6767,0.981478
8.45895,-0.122448,0.812836
7.81047,-0.770928,0.773953
8.82606,0.244662,1.0021
8.55825,-0.0178547,1.62208
10.4185,1.83703,1.71367
9.26352,0.677482,1.02826
8.18928,-0.392187,0.779331
8.56153,-0.0251474,0.787817
8.85447,0.263206,0.815651
8.24557,-0.350815,0.805433
6.47819,-2.12288,0.781656
8.41347,-0.192696,0.814636
9.52135,0.910265,0.824938
8.36019,-0.255598,0.762194
7.19642,-1.41937,0.722058
7.14462,-1.47117,0.768692
9.17517,0.559381,0.816546
8.96466,0.348871,0.810694
8.4736,-0.142188,0.767006
8.50689,-0.108898,0.776799
8.35647,-0.259318,0.885129
8.50629,-0.114388,0.965362
8.31789,-0.307503,0.856345
9.04547,0.41598,0.765808
8.32082,-0.313427,0.76834
7.58197,-1.05635,0.955484
8.30887,-0.329453,1.22862
7.49797,-1.13628,1.02671
9.05482,0.416497,0.823828
8.46667,-0.170182,0.779262
8.48025,-0.155488,0.77228
9.02926,0.389679,0.76834
8.62793,-0.0162811,0.749903
9.27232,0.624126,0.788221
9.12971,0.476933,0.794836
8.72006,0.0672836,0.813089
8.39861,-0.250172,0.787973
8.30837,-0.335841,0.766507
8.30121,-0.339141,0.755034
8.10979,-0.530738,0.758081
8.67642,0.0396719,0.765831
9.13482,0.499017,0.77461
8.86249,0.22301,0.812442
8.56784,-0.07164,0.811783
8.84797,0.20849,0.81782
9.13104,0.495236,0.889077
10.6578,2.01388,0.971708
9.07494,0.427221,0.891643
8.5842,-0.0650053,0.818617
8.39557,-0.249314,0.840496
7.09816,-1.53868,0.944064
9.358,0.721156,0.999061
8.20388,-0.433309,0.866608
7.43043,-1.20617,0.780103
7.60973,-1.01861,0.768286
7.24952,-1.37882,0.791674
6.48376,-2.13778,0.816143
7.6504,-0.965942,0.816911
7.3792,-1.24613,0.810555
7.5853,-1.04003,0.877146
8.66152,0.0316525,1.00809
8.32963,-0.295696,1.08399
7.31776,-1.29858,1.12216
10.9475,2.34032,1.25125
11.046,2.43882,1.27451
8.80635,0.208282,1.23665
6.99784,-1.59245,1.25363
7.77055,-0.819744,1.21008
9.56093,0.970636,1.22195
7.7192,-0.871094,1.15253
8.53484,-0.0554543,1.11334
8.91038,0.320086,1.098
8.76453,0.174236,1.10304
8.51166,-0.0744905,1.00923
8.61868,0.0373163,0.952321
9.66868,1.09137,0.978921
8.31257,-0.259861,1.09048
8.24483,-0.332476,1.23812
7.63192,-0.940511,1.17031
7.5619,-1.00621,1.19917
8.78109,0.218024,1.21676
6.99602,-1.55891,1.17828
6.71809,-1.83684,1.20515
8.96956,0.424102,1.21878
9.44716,0.910713,1.2609
8.60514,0.0673494,1.26359
8.96652,0.427111,1.18349
9.35183,0.81242,1.24241
11.4129,2.87891,1.22243
10.5405,2.00651,1.14785
8.15619,-0.377512,1.05655
7.89828,-0.635545,0.990497
9.25965,0.730859,0.988516
6.91941,-1.61465,0.973004
6.94519,-1.58887,0.923755
7.56869,-0.95789,0.929226
7.57554,-0.95104,0.89194
8.80028,0.282879,0.880997
10.395,1.88693,0.914809
7.29151,-1.22201,0.895973
9.60415,1.09063,0.897513
9.01635,0.506658,0.901772
8.95883,0.452224,0.936824
9.59449,1.08788,0.941901
8.76538,0.258774,0.911425
9.18329,0.680876,0.920267
8.24506,-0.257354,0.952532
8.40444,-0.0975037,0.914152
8.39064,-0.110579,0.916953
8.48962,-0.0170841,0.916602
9.69457,1.1916,0.969058
10.4898,1.98683,0.971437
10.2444,1.75093,0.95261
8.11097,-0.38178,0.907925
8.51346,0.025547,0.873104
9.62661,1.14259,0.880772
7.97814,-0.502137,0.848962
7.18378,-1.29155,0.814749
7.89731,-0.574186,0.825775
7.73341,-0.733695,0.849577
8.86694,0.395444,0.887622
9.55877,1.08235,0.9195
8.16362,-0.307876,0.885087
8.77327,0.296853,0.882739
8.12016,-0.351336,0.859902
9.55537,1.08796,0.932428
10.1689,1.70583,0.999246
9.59573,1.13704,1.01666
8.97541,0.520901,0.985176
7.27251,-1.17756,0.973751
9.05441,0.601557,1.16209
9.26554,0.816684,1.57342
8.03966,-0.405026,1.96582
8.21931,-0.221533,1.98716
10.0118,1.57468,1.81667
9.0917,0.658884,2.38126
6.94657,-1.48193,2.75141
7.54502,-0.879641,1.93861
9.43772,1.01732,1.24225
9.1278,0.711214,1.38411
6.56082,-1.85577,2.42676
6.9193,-1.49827,2.59739
8.50691,0.0976,1.80753
7.92056,-0.497008,1.30675
7.40709,-1.01873,1.1451
8.36596,-0.0598612,1.07078
9.41882,0.994955,1.21503
8.81521,0.39284,1.60767
9.01519,0.59282,1.54871
8.63074,0.217292,1.08689
8.28728,-0.117417,0.988178
8.88822,0.480451,0.958662
9.61404,1.20627,0.9698
8.58425,0.185375,0.98101
9.24201,0.847908,0.971071
8.83877,0.449293,0.936758
8.3533,-0.0339642,0.990497
9.32605,0.931084,1.0029
10.9315,2.54199,1.00565
10.359,1.97215,1.01917
9.69236,1.30751,0.97532
9.17036,0.785509,0.916271
8.8177,0.438281,1.02952
9.80371,1.43318,1.66669
10.9358,2.56097,3.44036
7.92735,-0.456606,4.39954
7.8531,-0.540088,3.41789
8.87234,0.488384,1.59573
10.276,1.90117,1.49735
10.0742,1.70609,2.20679
8.46634,0.105581,2.35764
10.1886,1.82324,1.73101
9.9847,1.61726,1.1188
8.80157,0.436825,1.00685
8.99701,0.642904,1.04844
9.79083,1.43121,1.20163
8.87623,0.505797,1.40256
7.05273,-1.3128,1.28728
9.40711,1.04158,1.05595
8.57359,0.219064,1.02864
8.5867,0.240527,1.02798
10.2499,1.90099,1.00725
10.2789,1.92999,1.05575
9.24316,0.8942,1.20122
11.3274,2.97844,1.89846
11.1679,2.82671,2.41664
8.24627,-0.094923,1.65431
6.41765,-1.92246,1.05838
7.90584,-0.43488,0.959916
8.68221,0.341621,0.954652
6.80688,-1.53815,0.911808
8.59233,0.253943,1.05258
8.85501,0.522245,1.75742
7.36201,-0.965148,3.99449
7.96121,-0.360298,4.704
9.18443,0.86875,2.95903
9.07253,0.763263,1.42107
9.20404,0.900574,1.02834
8.71757,0.419882,1.03814
7.69027,-0.601312,0.986172
7.69129,-0.598212,1.04101
9.56673,1.27104,1.53405
10.5014,2.2119,2.59883
6.49217,-1.79908,2.3603
6.50698,-1.78427,1.37499
8.82676,0.529233,1.0384
7.57747,-0.726576,0.950752
8.35871,0.0483723,0.988728
9.09925,0.782214,1.2961
10.5549,2.2309,2.64721
4.86226,-3.46801,4.88809
1.18767,-7.13634,4.75544
7.80437,-0.51881,2.24247
7.89068,-0.439598,1.19438
7.16669,-1.1572,0.98771
8.14587,-0.170902,1.00193
8.45763,0.147282,1.01484
7.22694,-1.08983,0.942298
6.6398,-1.67697,0.907719
8.92382,0.607047,0.97924
9.62785,1.30396,1.17028
8.57024,0.250941,1.67051
5.9269,-2.38523,2.27471
5.24429,-3.06118,1.89339
7.99306,-0.307807,1.18346
8.2133,-0.080658,0.983545
7.20628,-1.08076,0.942575
10.2735,1.98681,1.49658
9.61069,1.32307,3.01916
4.54204,-3.75304,3.9847
2.39694,-5.89814,3.29978
6.252,-2.04308,1.74219
7.78095,-0.514127,1.03359
7.53594,-0.759137,0.941855
7.74243,-0.545187,1.04215
8.48452,0.204118,1.21955
8.43323,0.159723,1.11215
7.16981,-1.09645,0.926124
5.86903,-2.38961,0.88779
6.12033,-2.13074,1.0008
7.83355,-0.40971,1.07831
8.5395,0.293789,1.03302
7.62804,-0.625232,1.09752
8.81228,0.566568,1.66642
8.03373,-0.219543,2.14352
7.76711,-0.494019,1.62171
8.00426,-0.264561,1.18717
7.57669,-0.699242,1.04196
7.75139,-0.517431,1.24077
10.9026,2.64147,2.27928
6.38065,-1.88757,3.96084
6.51654,-1.74459,2.95127
7.97014,-0.283047,1.58178
7.37013,-0.875204,1.18266
6.33416,-1.90291,1.00902
6.50002,-1.72863,0.93928
6.89621,-1.32493,0.93659
6.85287,-1.36767,0.937343
8.54108,0.324088,0.971781
9.30434,1.09169,1.01549
7.05314,-1.15241,1.0188
7.43379,-0.764053,1.01816
8.11224,-0.0759687,1.00729
7.21995,-0.960821,0.982681
6.87102,-1.31154,0.931053
7.45765,-0.716202,0.974935
7.54559,-0.620615,1.07228
6.88499,-1.28616,1.37407
6.5663,-1.61517,1.51319
7.07091,-1.11804,1.18632
8.80989,0.612471,1.08259
8.92215,0.733198,1.12131
7.23068,-0.947875,1.4716
9.67175,1.49149,2.27045
6.84472,-1.32491,2.23062
6.71678,-1.45423,1.4857
7.79978,-0.361858,1.17025
7.98245,-0.168648,0.988019
7.5255,-0.616228,0.962398
6.96883,-1.16185,1.01832
8.59192,0.451919,1.06266
7.57384,-0.556839,1.05999
7.59148,-0.529057,1.09728
8.19876,0.0782232,1.1293
7.0194,-1.10114,1.08299
7.52994,-0.590597,1.02676
8.13779,0.0172529,0.996251
6.95205,-1.16849,0.95261
7.07055,-1.04999,1.03321
7.29076,-0.829777,0.987065
6.31649,-1.80405,1.04836
8.68629,0.565753,1.10134
7.8243,-0.296237,1.10277
10.5283,2.40776,1.20441
9.38839,1.26107,1.27037
6.24098,-1.8957,1.13658
7.42148,-0.708457,1.13023
8.16404,0.0435343,1.29429
11.2694,3.15963,1.62756
7.5165,-0.583871,1.61963
6.72162,-1.36745,1.33629
8.96782,0.884754,1.14432
7.7645,-0.309273,1.04155
7.63813,-0.423902,1.01454
8.14436,0.0910788,0.999795
7.37621,-0.664818,1.02118
8.48566,0.456888,1.04755
9.64954,1.62649,1.05579
8.26702,0.256787,0.997281
8.46124,0.458851,0.987465
6.84656,-1.14469,0.974967
7.6181,-0.364258,1.02124
7.92334,-0.0515203,1.06236
7.76006,-0.206045,1.03936
8.79722,0.839704,1.10943
8.7414,0.783883,1.13613
9.6605,1.70298,1.11525
8.04416,0.0866432,1.16783
7.39318,-0.564337,1.16486
7.98217,0.0246534,1.17921
8.01557,0.058053,1.11164
9.44185,1.48433,1.1873
9.9445,1.99523,1.35601
8.1721,0.23157,1.45256
7.87562,-0.0568376,1.57033
9.61355,1.68997,1.81531
10.0469,2.13253,2.03589
7.31227,-0.602102,2.00886
6.51033,-1.41325,1.94847
6.2509,-1.66411,1.90193
7.51192,-0.393861,1.88433
9.05768,1.1608,1.832
9.27945,1.39154,1.85011
9.986,2.10698,1.79639
9.00523,1.13569,1.61652
8.21134,0.350468,1.40346
8.75948,0.898608,1.21162
8.75973,0.908748,0.0
8.75997,0.899097,0.0
8.76021,0.900943,0.0
8.76045,0.911499,0.0
8.76069,0.901423,0.0
8.76093,0.911979,0.0
8.76118,0.921423,0.0
8.76142,0.921664,0.0
8.76166,0.921903,0.0
8.7619,0.922143,0.0
8.76214,0.932476,0.0
8.76238,0.940965,0.0
8.76262,0.950241,0.0
8.76286,0.945785,0.0
8.76311,0.941869,0.0
8.76335,0.950682,0.0
8.76359,0.950922,0.0
